author_link,org_name
https://scholar.google.com/citations?user=VKI8EhUAAAAJ&hl=en&oi=sra,"Professor, Tsinghua University"
https://scholar.google.com/citations?user=jZdTOaoAAAAJ&hl=en&oi=sra,"Professor, Tsinghua University"
https://scholar.google.com/citations?user=x6ct1CsAAAAJ&hl=en&oi=sra,Stanford University
https://scholar.google.com/citations?user=1tALJj8AAAAJ&hl=en&oi=sra,Massachusetts Institute of Technology
https://scholar.google.com/citations?user=W_Zyr0AAAAAJ&hl=en&oi=sra,Tsinghua University
https://scholar.google.com/citations?user=fyzG5LQAAAAJ&hl=en&oi=sra,"Associate Professor, Computer Science, UCLA"
https://scholar.google.com/citations?user=7SUV6rQAAAAJ&hl=en&oi=sra,"Partner Research Manager, Microsoft Research"
https://scholar.google.com/citations?user=L3xBe_4AAAAJ&hl=en&oi=sra,"Professor, Tsinghua University"
https://scholar.google.com/citations?user=sCia-GQAAAAJ&hl=en&oi=sra,"Professor, Tsinghua University"
https://scholar.google.com/citations?user=U8qAL-0AAAAJ&hl=en&oi=sra,Stanford University
https://scholar.google.com/citations?user=CncXH-YAAAAJ&hl=en&oi=sra,Duke University
https://scholar.google.com/citations?user=AaGuopQAAAAJ&hl=en&oi=sra,"Tsinghua University, Zhipu AI"
https://scholar.google.com/citations?user=pWgrIMUAAAAJ&hl=en&oi=sra,"Universitat Pompeu Fabra, Universidad Simón Bolívar, Caracas, Venezuela"
https://scholar.google.com/citations?user=rP02ve8AAAAJ&hl=en&oi=sra,Tsinghua University
https://scholar.google.com/citations?user=bO7H0DAAAAAJ&hl=en&oi=sra,"Associate Professor, UCLA"
https://scholar.google.com/citations?user=5OYmeRYAAAAJ&hl=en&oi=sra,"Principal Research Associate, University of Cambridge & PolyAI"
https://scholar.google.com/citations?user=YRriETUAAAAJ&hl=en&oi=sra,Tsinghua University
https://scholar.google.com/citations?user=HjQUrroAAAAJ&hl=en&oi=sra,"Tsinghua University, Zhipu AI"
https://scholar.google.com/citations?user=sF1vZ0oAAAAJ&hl=en&oi=sra,"Universitat Pompeu Fabra, Universidad Simón Bolívar, Caracas, Venezuela"
https://scholar.google.com/citations?user=KnbFhnsAAAAJ&hl=en&oi=sra,Università Sapienza di Roma
https://scholar.google.com/citations?user=CrK5xTwAAAAJ&hl=en&oi=sra,Università Sapienza di Roma
https://scholar.google.com/citations?user=IGZZD-UAAAAJ&hl=en&oi=sra,Tsinghua University
https://scholar.google.com/citations?user=QAH6nfQAAAAJ&hl=en&oi=sra,Duke University
https://scholar.google.com/citations?user=V2Y1L4sAAAAJ&hl=en&oi=sra,Research Scientist @ Apple MLR
https://scholar.google.com/citations?user=NLXqzpoAAAAJ&hl=en&oi=sra,清华大学
https://scholar.google.com/citations?user=5CPO_JgAAAAJ&hl=en&oi=sra,Postdoc at California Institute of Technology & Researcher at Google
https://scholar.google.com/citations?user=qRw_QI0AAAAJ&hl=en&oi=sra,Duke University
https://scholar.google.com/citations?user=zaNleHgAAAAJ&hl=en&oi=sra,"Tsinghua University, Zhipu AI"
https://scholar.google.com/citations?user=AtfatawAAAAJ&hl=en&oi=sra,Università Sapienza di Roma
https://scholar.google.com/citations?user=Lvm9Q8QAAAAJ&hl=en&oi=sra,Tsinghua University
https://scholar.google.com/citations?user=HmxjgMAAAAAJ&hl=en&oi=sra,"Professor of Statistics and Computer Science, University of Waterloo"
https://scholar.google.com/citations?user=nXUS0gYAAAAJ&hl=en&oi=sra,"Professor of Statistics and Computer Science, University of Waterloo"
https://scholar.google.com/citations?user=bUSgS6IAAAAJ&hl=en&oi=sra,University of Michigan
https://scholar.google.com/citations?user=--xLf1MAAAAJ&hl=en&oi=sra,Duke University
https://scholar.google.com/citations?user=u1CNjgwAAAAJ&hl=en&oi=sra,Duke University
https://scholar.google.com/citations?user=8gYT9PsAAAAJ&hl=en&oi=sra,Microsoft
https://scholar.google.com/citations?user=UcZbFroAAAAJ&hl=en&oi=sra,University of Michigan
https://scholar.google.com/citations?user=z7-L4ywAAAAJ&hl=en&oi=sra,Postdoc at California Institute of Technology & Researcher at Google
https://scholar.google.com/citations?user=9IyAwc4AAAAJ&hl=en&oi=sra,Massachusetts General Hospital
https://scholar.google.com/citations?user=YAc3ekYAAAAJ&hl=en&oi=sra,Stanford University
https://scholar.google.com/citations?user=lvhxhyQAAAAJ&hl=en&oi=sra,Postdoc at California Institute of Technology & Researcher at Google
https://scholar.google.com/citations?user=w72MSFoAAAAJ&hl=en&oi=sra,"Professor, Tsinghua University"
https://scholar.google.com/citations?user=YlL3xN4AAAAJ&hl=en&oi=sra,"Tsinghua University, Zhipu AI"
https://scholar.google.com/citations?user=mN-IO6wAAAAJ&hl=en&oi=sra,University of Michigan
https://scholar.google.com/citations?user=83WWEs4AAAAJ&hl=en&oi=sra,"CS, Tsinghua University"
https://scholar.google.com/citations?user=2KNasToAAAAJ&hl=en&oi=sra,"CS, Tsinghua University"
https://scholar.google.com/citations?user=tw5jvawAAAAJ&hl=en&oi=sra,Stanford University
https://scholar.google.com/citations?user=CyKr1q8AAAAJ&hl=en&oi=sra,"Sessional Lecturer at School of Engineering, University of Guelph"
https://scholar.google.com/citations?user=RJJLKR0AAAAJ&hl=en&oi=sra,Duke University
https://scholar.google.com/citations?user=Lv-4d2wAAAAJ&hl=en&oi=sra,"PolyAI, Cambridge University"
https://scholar.google.com/citations?user=N8TMU8AAAAAJ&hl=en&oi=sra,Tsinghua University
https://scholar.google.com/citations?user=37CkqwcAAAAJ&hl=en&oi=sra,Luiss University
https://scholar.google.com/citations?user=1LnhG8cAAAAJ&hl=en&oi=sra,"Sessional Lecturer at School of Engineering, University of Guelph"
https://scholar.google.com/citations?user=_hfg7SsAAAAJ&hl=en&oi=sra,Massachusetts Institute of Technology
https://scholar.google.com/citations?user=W7mUggsAAAAJ&hl=en&oi=sra,"Tsinghua University, Zhipu AI"
https://scholar.google.com/citations?user=QmmExesAAAAJ&hl=en&oi=sra,清华大学
https://scholar.google.com/citations?user=p8tAM0AAAAAJ&hl=en&oi=sra,Massachusetts General Hospital
https://scholar.google.com/citations?user=gZkWURYAAAAJ&hl=en&oi=sra,"PolyAI, Cambridge University"
https://scholar.google.com/citations?user=6EoBBggAAAAJ&hl=en&oi=sra,Postdoc at California Institute of Technology & Researcher at Google
https://scholar.google.com/citations?user=8b-ysf0NWVoC&hl=en&oi=sra,Tsinghua University
https://scholar.google.com/citations?user=P3gQW_0AAAAJ&hl=en&oi=sra,Tsinghua University
https://scholar.google.com/citations?user=L5WCl5MAAAAJ&hl=en&oi=sra,Luiss University
https://scholar.google.com/citations?user=_JhW9D0AAAAJ&hl=en&oi=sra,Duke University
https://scholar.google.com/citations?user=JHJozAYAAAAJ&hl=en&oi=sra,Carnegie Mellon University
https://scholar.google.com/citations?user=Bp8u4lgAAAAJ&hl=en&oi=sra,RWTH Aachen University
https://scholar.google.com/citations?user=nY7zCx8AAAAJ&hl=en&oi=sra,Massachusetts General Hospital
https://scholar.google.com/citations?user=gIDHq_oAAAAJ&hl=en&oi=sra,清华大学
https://scholar.google.com/citations?user=VTJdm38AAAAJ&hl=en&oi=sra,Massachusetts Institute of Technology
https://scholar.google.com/citations?user=HxTr-CtMdrsC&hl=en&oi=sra,University of Michigan
https://scholar.google.com/citations?user=GQ29DQsAAAAJ&hl=en&oi=sra,"Universitat Pompeu Fabra, Universidad Simón Bolívar, Caracas, Venezuela"
https://scholar.google.com/citations?user=XcSsJFcAAAAJ&hl=en&oi=sra,Yale University - Alma Mater Studiorum University of Bologna
https://scholar.google.com/citations?user=F3KxSo8AAAAJ&hl=en&oi=sra,"Principal Research Associate, University of Cambridge & PolyAI"
https://scholar.google.com/citations?user=n-AEUgsAAAAJ&hl=en&oi=sra,"Partner Research Manager, Microsoft Research"
https://scholar.google.com/citations?user=hy4NXVAAAAAJ&hl=en&oi=sra,Carnegie Mellon University
https://scholar.google.com/citations?user=PWLSSHsAAAAJ&hl=en&oi=sra,Massachusetts Institute of Technology
https://scholar.google.com/citations?user=sAoz5GcAAAAJ&hl=en&oi=sra,"Professor of Statistics and Computer Science, University of Waterloo"
https://scholar.google.com/citations?user=dpcqhuIAAAAJ&hl=en&oi=sra,RWTH Aachen University
https://scholar.google.com/citations?user=fgW6rV8AAAAJ&hl=en&oi=sra,"Partner Research Manager, Microsoft Research"
https://scholar.google.com/citations?user=leLEF3wAAAAJ&hl=en&oi=sra,Carnegie Mellon University
https://scholar.google.com/citations?user=FJ7im7AAAAAJ&hl=en&oi=sra,Luiss University
https://scholar.google.com/citations?user=nmT-EaUAAAAJ&hl=en&oi=sra,Research Scientist @ Apple MLR
https://scholar.google.com/citations?user=4iEvDPUAAAAJ&hl=en&oi=sra,Luiss University
https://scholar.google.com/citations?user=3Kp8XWgAAAAJ&hl=en&oi=sra,"Sessional Lecturer at School of Engineering, University of Guelph"
https://scholar.google.com/citations?user=vjmL_9UAAAAJ&hl=en&oi=sra,Tsinghua University
https://scholar.google.com/citations?user=z39nPpYAAAAJ&hl=en&oi=sra,Tsinghua University
https://scholar.google.com/citations?user=RAtv8CAAAAAJ&hl=en&oi=sra,Microsoft
https://scholar.google.com/citations?user=U6qDwf4AAAAJ&hl=en&oi=sra,"Sessional Lecturer at School of Engineering, University of Guelph"
https://scholar.google.com/citations?user=8bxg5X4AAAAJ&hl=en&oi=sra,Duke University
https://scholar.google.com/citations?user=Uimcm94AAAAJ&hl=en&oi=sra,RWTH Aachen University
https://scholar.google.com/citations?user=jW9ts2cAAAAJ&hl=en&oi=sra,"Partner Research Manager, Microsoft Research"
https://scholar.google.com/citations?user=LzPznOEAAAAJ&hl=en&oi=sra,Massachusetts General Hospital
https://scholar.google.com/citations?user=bzM7eWoAAAAJ&hl=en&oi=sra,"Universitat Pompeu Fabra, Universidad Simón Bolívar, Caracas, Venezuela"
https://scholar.google.com/citations?user=mXN51X0AAAAJ&hl=en&oi=sra,Yale University - Alma Mater Studiorum University of Bologna
https://scholar.google.com/citations?user=gCSOfKsAAAAJ&hl=en&oi=sra,"Sessional Lecturer at School of Engineering, University of Guelph"
https://scholar.google.com/citations?user=cC8lXi8AAAAJ&hl=en&oi=sra,"Associate Professor, Computer Science, UCLA"
https://scholar.google.com/citations?user=Me0IoRMAAAAJ&hl=en&oi=sra,"Sessional Lecturer at School of Engineering, University of Guelph"
https://scholar.google.com/citations?user=5q2PkecAAAAJ&hl=en&oi=sra,"Tsinghua University, Zhipu AI"
https://scholar.google.com/citations?user=T5kpem0AAAAJ&hl=en&oi=sra,Postdoc at California Institute of Technology & Researcher at Google
https://scholar.google.com/citations?user=yOvhwa8AAAAJ&hl=en&oi=sra,"Sessional Lecturer at School of Engineering, University of Guelph"
https://scholar.google.com/citations?user=9zD9arcAAAAJ&hl=en&oi=sra,"Associate Professor, Computer Science, UCLA"
https://scholar.google.com/citations?user=5k9MvzQAAAAJ&hl=en&oi=sra,"CS, Tsinghua University"
https://scholar.google.com/citations?user=Y4bU0bwAAAAJ&hl=en&oi=sra,Tsinghua University
https://scholar.google.com/citations?user=bwQkcQ8AAAAJ&hl=en&oi=sra,"Principal Research Associate, University of Cambridge & PolyAI"
https://scholar.google.com/citations?user=u439xWYAAAAJ&hl=en&oi=sra,"Associate Professor, Computer Science, UCLA"
https://scholar.google.com/citations?user=Gdx6A_sAAAAJ&hl=en&oi=sra,Università Sapienza di Roma
https://scholar.google.com/citations?user=s_JzI5kAAAAJ&hl=en&oi=sra,Yale University - Alma Mater Studiorum University of Bologna
https://scholar.google.com/citations?user=e0P54E4AAAAJ&hl=en&oi=sra,清华大学
https://scholar.google.com/citations?user=b-uq5jIAAAAJ&hl=en&oi=sra,清华大学
https://scholar.google.com/citations?user=Fpr3RM8AAAAJ&hl=en&oi=sra,Massachusetts General Hospital
https://scholar.google.com/citations?user=5S9eZbcAAAAJ&hl=en&oi=sra,"Sessional Lecturer at School of Engineering, University of Guelph"
https://scholar.google.com/citations?user=knXkFDQAAAAJ&hl=en&oi=sra,"Associate Professor, UCLA"
https://scholar.google.com/citations?user=aLJ8_G4AAAAJ&hl=en&oi=sra,Carnegie Mellon University
https://scholar.google.com/citations?user=M0MgdTAAAAAJ&hl=en&oi=sra,Yale University - Alma Mater Studiorum University of Bologna
https://scholar.google.com/citations?user=cA8a6NwAAAAJ&hl=en&oi=sra,Carnegie Mellon University
https://scholar.google.com/citations?user=uMAvnHkAAAAJ&hl=en&oi=sra,Duke University
https://scholar.google.com/citations?user=5nEP4pQAAAAJ&hl=en&oi=sra,清华大学
https://scholar.google.com/citations?user=e-3XAoAAAAAJ&hl=en&oi=sra,"Professor of Statistics and Computer Science, University of Waterloo"
https://scholar.google.com/citations?user=PBn1kdUAAAAJ&hl=en&oi=sra,Research Scientist @ Apple MLR
https://scholar.google.com/citations?user=Lp9MREUAAAAJ&hl=en&oi=sra,"Sessional Lecturer at School of Engineering, University of Guelph"
https://scholar.google.com/citations?user=IHYB7nQAAAAJ&hl=en&oi=sra,Luiss University
https://scholar.google.com/citations?user=oFqyRvcAAAAJ&hl=en&oi=sra,Massachusetts Institute of Technology
https://scholar.google.com/citations?user=xbbVK6wAAAAJ&hl=en&oi=sra,Massachusetts Institute of Technology
https://scholar.google.com/citations?user=KUSuA4UAAAAJ&hl=en&oi=sra,Massachusetts General Hospital
https://scholar.google.com/citations?user=OrfV8BUAAAAJ&hl=en&oi=sra,Università Sapienza di Roma
https://scholar.google.com/citations?user=GlhI8lQAAAAJ&hl=en&oi=sra,Microsoft
https://scholar.google.com/citations?user=Mz2bKMMAAAAJ&hl=en&oi=sra,University of Michigan
https://scholar.google.com/citations?user=z9tkREQAAAAJ&hl=en&oi=sra,Università Sapienza di Roma
https://scholar.google.com/citations?user=qIYCV4sAAAAJ&hl=en&oi=sra,Postdoc at California Institute of Technology & Researcher at Google
https://scholar.google.com/citations?user=cYweVsQAAAAJ&hl=en&oi=sra,"Professor, Tsinghua University"
https://scholar.google.com/citations?user=muidx9UAAAAJ&hl=en&oi=sra,Duke University
https://scholar.google.com/citations?user=2oJmlPIAAAAJ&hl=en&oi=sra,"Principal Research Associate, University of Cambridge & PolyAI"
https://scholar.google.com/citations?user=fWFAQaUAAAAJ&hl=en&oi=sra,清华大学
https://scholar.google.com/citations?user=O6G7fr4AAAAJ&hl=en&oi=sra,Tsinghua University
https://scholar.google.com/citations?user=LKSy1kwAAAAJ&hl=en&oi=sra,"Universitat Pompeu Fabra, Universidad Simón Bolívar, Caracas, Venezuela"
https://scholar.google.com/citations?user=8_Vb2k4AAAAJ&hl=en&oi=sra,Research Scientist @ Apple MLR
https://scholar.google.com/citations?user=wzuq_fcAAAAJ&hl=en&oi=sra,"Sessional Lecturer at School of Engineering, University of Guelph"
https://scholar.google.com/citations?user=IO6vsAoAAAAJ&hl=en&oi=sra,Luiss University
https://scholar.google.com/citations?user=7z9P1jYAAAAJ&hl=en&oi=sra,"Principal Research Associate, University of Cambridge & PolyAI"
https://scholar.google.com/citations?user=xxlAF58AAAAJ&hl=en&oi=sra,Duke University
https://scholar.google.com/citations?user=CvtODukAAAAJ&hl=en&oi=sra,"Associate Professor, UCLA"
https://scholar.google.com/citations?user=xcVx3aIAAAAJ&hl=en&oi=sra,Tsinghua University
https://scholar.google.com/citations?user=R3O1gFYAAAAJ&hl=en&oi=sra,RWTH Aachen University
https://scholar.google.com/citations?user=JHUfMr0AAAAJ&hl=en&oi=sra,Tsinghua University
https://scholar.google.com/citations?user=tCHi_7IAAAAJ&hl=en&oi=sra,Duke University
https://scholar.google.com/citations?user=H2fzU7QAAAAJ&hl=en&oi=sra,"CS, Tsinghua University"
https://scholar.google.com/citations?user=UA0rnLgAAAAJ&hl=en&oi=sra,Yale University - Alma Mater Studiorum University of Bologna
https://scholar.google.com/citations?user=V5X1gdAAAAAJ&hl=en&oi=sra,RWTH Aachen University
https://scholar.google.com/citations?user=_-BXmxcAAAAJ&hl=en&oi=sra,Research Scientist @ Apple MLR
https://scholar.google.com/citations?user=4hMhIecAAAAJ&hl=en&oi=sra,Massachusetts Institute of Technology
https://scholar.google.com/citations?user=-iXSHbUAAAAJ&hl=en&oi=sra,Research Scientist @ Apple MLR
https://scholar.google.com/citations?user=UvBICfIAAAAJ&hl=en&oi=sra,"Sessional Lecturer at School of Engineering, University of Guelph"
https://scholar.google.com/citations?user=QNtOrigAAAAJ&hl=en&oi=sra,"Principal Research Associate, University of Cambridge & PolyAI"
https://scholar.google.com/citations?user=ZLHTzHEAAAAJ&hl=en&oi=sra,Carnegie Mellon University
https://scholar.google.com/citations?user=1rztobAAAAAJ&hl=en&oi=sra,Research Scientist @ Apple MLR
https://scholar.google.com/citations?user=tWgCP50AAAAJ&hl=en&oi=sra,Tsinghua University
https://scholar.google.com/citations?user=02Dvk88AAAAJ&hl=en&oi=sra,"Associate Professor, Computer Science, UCLA"
https://scholar.google.com/citations?user=kYfaCFMAAAAJ&hl=en&oi=sra,Tsinghua University
https://scholar.google.com/citations?user=qu7KObMAAAAJ&hl=en&oi=sra,Carnegie Mellon University
https://scholar.google.com/citations?user=OH_1qwMAAAAJ&hl=en&oi=sra,"Professor, Tsinghua University"
https://scholar.google.com/citations?user=KKjX_J0AAAAJ&hl=en&oi=sra,Tsinghua University
https://scholar.google.com/citations?user=OIsvCZEAAAAJ&hl=en&oi=sra,"Associate Professor, UCLA"
https://scholar.google.com/citations?user=bq99LOIAAAAJ&hl=en&oi=sra,Yale University - Alma Mater Studiorum University of Bologna
https://scholar.google.com/citations?user=whpnkiQAAAAJ&hl=en&oi=sra,"Sessional Lecturer at School of Engineering, University of Guelph"
https://scholar.google.com/citations?user=WVs_zgsAAAAJ&hl=en&oi=sra,Postdoc at California Institute of Technology & Researcher at Google
https://scholar.google.com/citations?user=hzx1JPQAAAAJ&hl=en&oi=sra,Postdoc at California Institute of Technology & Researcher at Google
https://scholar.google.com/citations?user=g7P4j7oAAAAJ&hl=en&oi=sra,"Universitat Pompeu Fabra, Universidad Simón Bolívar, Caracas, Venezuela"
https://scholar.google.com/citations?user=nHCLoIwAAAAJ&hl=en&oi=sra,Postdoc at California Institute of Technology & Researcher at Google
https://scholar.google.com/citations?user=TS0_Du0AAAAJ&hl=en&oi=sra,"Professor of Electrical Engineering, KAIST"
https://scholar.google.com/citations?user=v5yiJVAAAAAJ&hl=en&oi=sra,"Professor of Statistics and Computer Science, University of Waterloo"
https://scholar.google.com/citations?user=v9y3rsgAAAAJ&hl=en&oi=sra,"CS, Tsinghua University"
https://scholar.google.com/citations?user=kpdOUucAAAAJ&hl=en&oi=sra,"Tsinghua University, Zhipu AI"
https://scholar.google.com/citations?user=i90uqXUAAAAJ&hl=en&oi=sra,Tsinghua University
https://scholar.google.com/citations?user=q-Pj3eQAAAAJ&hl=en&oi=sra,Research Scientist @ Apple MLR
https://scholar.google.com/citations?user=888bEHYAAAAJ&hl=en&oi=sra,"Tsinghua University, Zhipu AI"
https://scholar.google.com/citations?user=z6bOk-AAAAAJ&hl=en&oi=sra,Luiss University
https://scholar.google.com/citations?user=kXz2seUAAAAJ&hl=en&oi=sra,"Associate Professor, Computer Science, UCLA"
https://scholar.google.com/citations?user=cd-wSAsAAAAJ&hl=en&oi=sra,Duke University
https://scholar.google.com/citations?user=1Rxmr0cAAAAJ&hl=en&oi=sra,Luiss University
https://scholar.google.com/citations?user=-T_UNHwAAAAJ&hl=en&oi=sra,Duke University
https://scholar.google.com/citations?user=EPjtT9cAAAAJ&hl=en&oi=sra,"Associate Professor, Computer Science, UCLA"
https://scholar.google.com/citations?user=F4N5oCAAAAAJ&hl=en&oi=sra,Microsoft
https://scholar.google.com/citations?user=3Cv0facAAAAJ&hl=en&oi=sra,"PolyAI, Cambridge University"
https://scholar.google.com/citations?user=VCQWzd4AAAAJ&hl=en&oi=sra,"Associate Professor, UCLA"
https://scholar.google.com/citations?user=Cl9byD8AAAAJ&hl=en&oi=sra,Yale University - Alma Mater Studiorum University of Bologna
https://scholar.google.com/citations?user=xKUgOPoAAAAJ&hl=en&oi=sra,"Sessional Lecturer at School of Engineering, University of Guelph"
https://scholar.google.com/citations?user=kSMTEHYAAAAJ&hl=en&oi=sra,"Partner Research Manager, Microsoft Research"
https://scholar.google.com/citations?user=4ldMyhMAAAAJ&hl=en&oi=sra,"Associate Professor, UCLA"
https://scholar.google.com/citations?user=O723kNQAAAAJ&hl=en&oi=sra,Research Scientist @ Apple MLR
https://scholar.google.com/citations?user=bCtA-PsAAAAJ&hl=en&oi=sra,Microsoft
https://scholar.google.com/citations?user=RXXwBWIAAAAJ&hl=en&oi=sra,Massachusetts General Hospital
https://scholar.google.com/citations?user=mlho5FkAAAAJ&hl=en&oi=sra,"Professor of Statistics and Computer Science, University of Waterloo"
https://scholar.google.com/citations?user=SJgKdgMAAAAJ&hl=en&oi=sra,University of Michigan
https://scholar.google.com/citations?user=z1Y9cksAAAAJ&hl=en&oi=sra,Carnegie Mellon University
https://scholar.google.com/citations?user=iT84u2YAAAAJ&hl=en&oi=sra,Stanford University
https://scholar.google.com/citations?user=JmzhiYAAAAAJ&hl=en&oi=sra,"Partner Research Manager, Microsoft Research"
https://scholar.google.com/citations?user=0Exo3FQAAAAJ&hl=en&oi=sra,"Tsinghua University, Zhipu AI"
https://scholar.google.com/citations?user=uQ3O89IAAAAJ&hl=en&oi=sra,Massachusetts Institute of Technology
https://scholar.google.com/citations?user=NPlGTxwAAAAJ&hl=en&oi=sra,"Principal Research Associate, University of Cambridge & PolyAI"
https://scholar.google.com/citations?user=c3ZV_s7leXQC&hl=en&oi=sra,Research Scientist @ Apple MLR
https://scholar.google.com/citations?user=qrvxwt4AAAAJ&hl=en&oi=sra,Carnegie Mellon University
https://scholar.google.com/citations?user=8eJoJ0MAAAAJ&hl=en&oi=sra,Postdoc at California Institute of Technology & Researcher at Google
https://scholar.google.com/citations?user=kAW3RogAAAAJ&hl=en&oi=sra,Yale University - Alma Mater Studiorum University of Bologna
https://scholar.google.com/citations?user=Bymi2YYAAAAJ&hl=en&oi=sra,"Universitat Pompeu Fabra, Universidad Simón Bolívar, Caracas, Venezuela"
https://scholar.google.com/citations?user=_0tb1MsAAAAJ&hl=en&oi=sra,"Associate Professor, UCLA"
https://scholar.google.com/citations?user=7RmLVQkAAAAJ&hl=en&oi=sra,"Professor of Electrical Engineering, KAIST"
https://scholar.google.com/citations?user=IqVxTDAAAAAJ&hl=en&oi=sra,"Sessional Lecturer at School of Engineering, University of Guelph"
https://scholar.google.com/citations?user=-Ta9boQAAAAJ&hl=en&oi=sra,Stanford University
https://scholar.google.com/citations?user=pIWNcIoAAAAJ&hl=en&oi=sra,University of Michigan
https://scholar.google.com/citations?user=iriAIgsAAAAJ&hl=en&oi=sra,"CS, Tsinghua University"
https://scholar.google.com/citations?user=hZRH7hoAAAAJ&hl=en&oi=sra,"Partner Research Manager, Microsoft Research"
https://scholar.google.com/citations?user=4uJBor0AAAAJ&hl=en&oi=sra,"Tsinghua University, Zhipu AI"
https://scholar.google.com/citations?user=hbWoqb4AAAAJ&hl=en&oi=sra,清华大学
https://scholar.google.com/citations?user=tzFXro0AAAAJ&hl=en&oi=sra,"Tsinghua University, Zhipu AI"
https://scholar.google.com/citations?user=YDYCXxUAAAAJ&hl=en&oi=sra,"Professor, Tsinghua University"
https://scholar.google.com/citations?user=BFVtEUQAAAAJ&hl=en&oi=sra,"Partner Research Manager, Microsoft Research"
https://scholar.google.com/citations?user=s3dQmDoAAAAJ&hl=en&oi=sra,Stanford University
https://scholar.google.com/citations?user=8adeENwAAAAJ&hl=en&oi=sra,Research Scientist @ Apple MLR
https://scholar.google.com/citations?user=pcuEwrsAAAAJ&hl=en&oi=sra,Duke University
https://scholar.google.com/citations?user=KAWDTzsAAAAJ&hl=en&oi=sra,University of Michigan
https://scholar.google.com/citations?user=Vs7od3QAAAAJ&hl=en&oi=sra,Research Scientist @ Apple MLR
https://scholar.google.com/citations?user=ILlwx2QAAAAJ&hl=en&oi=sra,"Professor, Tsinghua University"
https://scholar.google.com/citations?user=KrRvoKEAAAAJ&hl=en&oi=sra,Tsinghua University
https://scholar.google.com/citations?user=CzhRlTAAAAAJ&hl=en&oi=sra,清华大学
https://scholar.google.com/citations?user=QPU66QMAAAAJ&hl=en&oi=sra,Postdoc at California Institute of Technology & Researcher at Google
https://scholar.google.com/citations?user=YK4Z9jMAAAAJ&hl=en&oi=sra,Duke University
https://scholar.google.com/citations?user=d2FVIngAAAAJ&hl=en&oi=sra,University of Michigan
https://scholar.google.com/citations?user=8bho1PQAAAAJ&hl=en&oi=sra,"Associate Professor, UCLA"
https://scholar.google.com/citations?user=3sESNa8AAAAJ&hl=en&oi=sra,"PolyAI, Cambridge University"
https://scholar.google.com/citations?user=OF7Ck0YAAAAJ&hl=en&oi=sra,"Principal Research Associate, University of Cambridge & PolyAI"
https://scholar.google.com/citations?user=61AeLAEAAAAJ&hl=en&oi=sra,"Sessional Lecturer at School of Engineering, University of Guelph"
https://scholar.google.com/citations?user=-zEPpkIAAAAJ&hl=en&oi=sra,RWTH Aachen University
https://scholar.google.com/citations?user=3dx8O1AAAAAJ&hl=en&oi=sra,"PolyAI, Cambridge University"
https://scholar.google.com/citations?user=b0OclDEAAAAJ&hl=en&oi=sra,RWTH Aachen University
https://scholar.google.com/citations?user=8EgjKPUAAAAJ&hl=en&oi=sra,"Universitat Pompeu Fabra, Universidad Simón Bolívar, Caracas, Venezuela"
https://scholar.google.com/citations?user=tMDIrTkAAAAJ&hl=en&oi=sra,"CS, Tsinghua University"
https://scholar.google.com/citations?user=wtZFixkAAAAJ&hl=en&oi=sra,"Sessional Lecturer at School of Engineering, University of Guelph"
https://scholar.google.com/citations?user=ypA7urMAAAAJ&hl=en&oi=sra,Microsoft
https://scholar.google.com/citations?user=SLJWhV0AAAAJ&hl=en&oi=sra,"Associate Professor, UCLA"
https://scholar.google.com/citations?user=wQgPocEAAAAJ&hl=en&oi=sra,Stanford University
https://scholar.google.com/citations?user=LBHrWsIAAAAJ&hl=en&oi=sra,Luiss University
https://scholar.google.com/citations?user=MjkODLEAAAAJ&hl=en&oi=sra,Tsinghua University
https://scholar.google.com/citations?user=aEoY-0IAAAAJ&hl=en&oi=sra,Postdoc at California Institute of Technology & Researcher at Google
https://scholar.google.com/citations?user=6rAetmwAAAAJ&hl=en&oi=sra,Università Sapienza di Roma
https://scholar.google.com/citations?user=HkwGSt4AAAAJ&hl=en&oi=sra,"Associate Professor, UCLA"
https://scholar.google.com/citations?user=H9FNWVcAAAAJ&hl=en&oi=sra,Massachusetts General Hospital
https://scholar.google.com/citations?user=zPVItDgAAAAJ&hl=en&oi=sra,Stanford University
https://scholar.google.com/citations?user=U98QY0QAAAAJ&hl=en&oi=sra,Duke University
https://scholar.google.com/citations?user=PG6x-IUAAAAJ&hl=en&oi=sra,"Tsinghua University, Zhipu AI"
https://scholar.google.com/citations?user=q6tQJu0AAAAJ&hl=en&oi=sra,"Principal Research Associate, University of Cambridge & PolyAI"
https://scholar.google.com/citations?user=2MKBB1IAAAAJ&hl=en&oi=sra,"Professor, Tsinghua University"
https://scholar.google.com/citations?user=dd1qLRcAAAAJ&hl=en&oi=sra,Tsinghua University
https://scholar.google.com/citations?user=5EOe0jsAAAAJ&hl=en&oi=sra,"Associate Professor, UCLA"
https://scholar.google.com/citations?user=rYuWMykAAAAJ&hl=en&oi=sra,RWTH Aachen University
https://scholar.google.com/citations?user=hyFMd54AAAAJ&hl=en&oi=sra,University of Michigan
https://scholar.google.com/citations?user=idD3YZYAAAAJ&hl=en&oi=sra,Tsinghua University
https://scholar.google.com/citations?user=kL3PQuAAAAAJ&hl=en&oi=sra,Microsoft
https://scholar.google.com/citations?user=6c3_3L0AAAAJ&hl=en&oi=sra,RWTH Aachen University
https://scholar.google.com/citations?user=CqvC1uoAAAAJ&hl=en&oi=sra,"Sessional Lecturer at School of Engineering, University of Guelph"
https://scholar.google.com/citations?user=tPhwyYsAAAAJ&hl=en&oi=sra,Luiss University
https://scholar.google.com/citations?user=k0jjQo8AAAAJ&hl=en&oi=sra,Duke University
https://scholar.google.com/citations?user=Rki45F4AAAAJ&hl=en&oi=sra,Massachusetts Institute of Technology
https://scholar.google.com/citations?user=zTLXgZgAAAAJ&hl=en&oi=sra,Research Scientist @ Apple MLR
https://scholar.google.com/citations?user=KunY808AAAAJ&hl=en&oi=sra,"Professor, Tsinghua University"
https://scholar.google.com/citations?user=XUmFLVUAAAAJ&hl=en&oi=sra,Stanford University
https://scholar.google.com/citations?user=vA3YaaQAAAAJ&hl=en&oi=sra,"Universitat Pompeu Fabra, Universidad Simón Bolívar, Caracas, Venezuela"
https://scholar.google.com/citations?user=GIdNAzgAAAAJ&hl=en&oi=sra,"PolyAI, Cambridge University"
https://scholar.google.com/citations?user=7BuacbQAAAAJ&hl=en&oi=sra,Tsinghua University
https://scholar.google.com/citations?user=9JkjCu4AAAAJ&hl=en&oi=sra,"CS, Tsinghua University"
https://scholar.google.com/citations?user=YISjXPwAAAAJ&hl=en&oi=sra,"Universitat Pompeu Fabra, Universidad Simón Bolívar, Caracas, Venezuela"
https://scholar.google.com/citations?user=rJvk-twAAAAJ&hl=en&oi=sra,Yale University - Alma Mater Studiorum University of Bologna
https://scholar.google.com/citations?user=T4iBN5cAAAAJ&hl=en&oi=sra,Tsinghua University
https://scholar.google.com/citations?user=gCMmU54AAAAJ&hl=en&oi=sra,"CS, Tsinghua University"
https://scholar.google.com/citations?user=QEFy_4wAAAAJ&hl=en&oi=sra,"Associate Professor, UCLA"
https://scholar.google.com/citations?user=-yDsQBMAAAAJ&hl=en&oi=sra,"Partner Research Manager, Microsoft Research"
https://scholar.google.com/citations?user=Ut6zVVUAAAAJ&hl=en&oi=sra,"Associate Professor, Computer Science, UCLA"
https://scholar.google.com/citations?user=zjO7_JQAAAAJ&hl=en&oi=sra,Massachusetts General Hospital
https://scholar.google.com/citations?user=4rKhF2AAAAAJ&hl=en&oi=sra,Massachusetts Institute of Technology
https://scholar.google.com/citations?user=1rvrI3gAAAAJ&hl=en&oi=sra,"Associate Professor, Computer Science, UCLA"
https://scholar.google.com/citations?user=CzOD0S4AAAAJ&hl=en&oi=sra,"CS, Tsinghua University"
https://scholar.google.com/citations?user=0k4ncGsAAAAJ&hl=en&oi=sra,Tsinghua University
https://scholar.google.com/citations?user=TUJkCbkAAAAJ&hl=en&oi=sra,Università Sapienza di Roma
https://scholar.google.com/citations?user=R2ntI8IAAAAJ&hl=en&oi=sra,"Associate Professor, UCLA"
https://scholar.google.com/citations?user=fetoihAAAAAJ&hl=en&oi=sra,Università Sapienza di Roma
https://scholar.google.com/citations?user=_1bOZ5cAAAAJ&hl=en&oi=sra,Carnegie Mellon University
https://scholar.google.com/citations?user=4chfmPkAAAAJ&hl=en&oi=sra,"Associate Professor, UCLA"
https://scholar.google.com/citations?user=9_iF5CkAAAAJ&hl=en&oi=sra,Università Sapienza di Roma
https://scholar.google.com/citations?user=agjxU0EAAAAJ&hl=en&oi=sra,Yale University - Alma Mater Studiorum University of Bologna
https://scholar.google.com/citations?user=L60wcKQAAAAJ&hl=en&oi=sra,Luiss University
https://scholar.google.com/citations?user=Ib2Z6uYAAAAJ&hl=en&oi=sra,"Partner Research Manager, Microsoft Research"
https://scholar.google.com/citations?user=Uxvu1l4AAAAJ&hl=en&oi=sra,"Professor of Statistics and Computer Science, University of Waterloo"
https://scholar.google.com/citations?user=ucO_QYQAAAAJ&hl=en&oi=sra,Massachusetts Institute of Technology
https://scholar.google.com/citations?user=pwRTY1oAAAAJ&hl=en&oi=sra,"Partner Research Manager, Microsoft Research"
https://scholar.google.com/citations?user=N2sPuGMAAAAJ&hl=en&oi=sra,清华大学
https://scholar.google.com/citations?user=PfV-tZQAAAAJ&hl=en&oi=sra,"CS, Tsinghua University"
https://scholar.google.com/citations?user=SS4UDDwAAAAJ&hl=en&oi=sra,"Principal Research Associate, University of Cambridge & PolyAI"
https://scholar.google.com/citations?user=dasL9V4AAAAJ&hl=en&oi=sra,Stanford University
https://scholar.google.com/citations?user=WQMUXNYAAAAJ&hl=en&oi=sra,Massachusetts General Hospital
https://scholar.google.com/citations?user=4uSMG9kAAAAJ&hl=en&oi=sra,"Professor, Tsinghua University"
https://scholar.google.com/citations?user=ioplfagAAAAJ&hl=en&oi=sra,"PolyAI, Cambridge University"
https://scholar.google.com/citations?user=gv_yHeoAAAAJ&hl=en&oi=sra,"Professor of Statistics and Computer Science, University of Waterloo"
https://scholar.google.com/citations?user=5X-GmZUAAAAJ&hl=en&oi=sra,"Sessional Lecturer at School of Engineering, University of Guelph"
https://scholar.google.com/citations?user=qQuxuo0AAAAJ&hl=en&oi=sra,"Professor of Electrical Engineering, KAIST"
https://scholar.google.com/citations?user=teKteNgAAAAJ&hl=en&oi=sra,Luiss University
https://scholar.google.com/citations?user=RbmLvDIAAAAJ&hl=en&oi=sra,Università Sapienza di Roma
https://scholar.google.com/citations?user=V23J4-oAAAAJ&hl=en&oi=sra,清华大学
https://scholar.google.com/citations?user=EbtrluQAAAAJ&hl=en&oi=sra,"Professor of Electrical Engineering, KAIST"
https://scholar.google.com/citations?user=9K6ct_QAAAAJ&hl=en&oi=sra,"Tsinghua University, Zhipu AI"
https://scholar.google.com/citations?user=31VBFVIAAAAJ&hl=en&oi=sra,Duke University
https://scholar.google.com/citations?user=qOalWZMAAAAJ&hl=en&oi=sra,"Professor of Statistics and Computer Science, University of Waterloo"
https://scholar.google.com/citations?user=2DMLucQAAAAJ&hl=en&oi=sra,"Tsinghua University, Zhipu AI"
https://scholar.google.com/citations?user=btxQyh8AAAAJ&hl=en&oi=sra,Postdoc at California Institute of Technology & Researcher at Google
https://scholar.google.com/citations?user=L-wLX9MAAAAJ&hl=en&oi=sra,Duke University
https://scholar.google.com/citations?user=e46WeckAAAAJ&hl=en&oi=sra,Yale University - Alma Mater Studiorum University of Bologna
https://scholar.google.com/citations?user=5UA6Z5cAAAAJ&hl=en&oi=sra,RWTH Aachen University
https://scholar.google.com/citations?user=Fu18jb8AAAAJ&hl=en&oi=sra,"Associate Professor, UCLA"
https://scholar.google.com/citations?user=dn6wkPAAAAAJ&hl=en&oi=sra,"Associate Professor, Computer Science, UCLA"
https://scholar.google.com/citations?user=4Qy2mmoAAAAJ&hl=en&oi=sra,Yale University - Alma Mater Studiorum University of Bologna
https://scholar.google.com/citations?user=UZFRvhgAAAAJ&hl=en&oi=sra,"Professor of Statistics and Computer Science, University of Waterloo"
https://scholar.google.com/citations?user=5r4RoLwAAAAJ&hl=en&oi=sra,清华大学
https://scholar.google.com/citations?user=_RlvZvsAAAAJ&hl=en&oi=sra,"PolyAI, Cambridge University"
https://scholar.google.com/citations?user=-d9RDqAAAAAJ&hl=en&oi=sra,清华大学
https://scholar.google.com/citations?user=t11ipfQAAAAJ&hl=en&oi=sra,Duke University
https://scholar.google.com/citations?user=9qvTNQ4AAAAJ&hl=en&oi=sra,"Professor, Tsinghua University"
https://scholar.google.com/citations?user=WHQfm8MAAAAJ&hl=en&oi=sra,Massachusetts General Hospital
https://scholar.google.com/citations?user=Qzy3BioAAAAJ&hl=en&oi=sra,"PolyAI, Cambridge University"
https://scholar.google.com/citations?user=ZxKRzugAAAAJ&hl=en&oi=sra,Duke University
https://scholar.google.com/citations?user=SVG9yN4AAAAJ&hl=en&oi=sra,Massachusetts Institute of Technology
https://scholar.google.com/citations?user=1BNAKBwAAAAJ&hl=en&oi=sra,Tsinghua University
https://scholar.google.com/citations?user=YRYmr8cAAAAJ&hl=en&oi=sra,Duke University
https://scholar.google.com/citations?user=7ccrYowAAAAJ&hl=en&oi=sra,RWTH Aachen University
https://scholar.google.com/citations?user=rZC0ux0AAAAJ&hl=en&oi=sra,Microsoft
https://scholar.google.com/citations?user=iCkYfHEAAAAJ&hl=en&oi=sra,Carnegie Mellon University
https://scholar.google.com/citations?user=tLO-x-IAAAAJ&hl=en&oi=sra,"Associate Professor, Computer Science, UCLA"
https://scholar.google.com/citations?user=EuA-QMsAAAAJ&hl=en&oi=sra,"Tsinghua University, Zhipu AI"
https://scholar.google.com/citations?user=1wVQpBUAAAAJ&hl=en&oi=sra,"Tsinghua University, Zhipu AI"
https://scholar.google.com/citations?user=931NpjQAAAAJ&hl=en&oi=sra,Massachusetts Institute of Technology
https://scholar.google.com/citations?user=LuxvhgcAAAAJ&hl=en&oi=sra,"Professor, Tsinghua University"
https://scholar.google.com/citations?user=wfiEFPQAAAAJ&hl=en&oi=sra,"Professor, Tsinghua University"
https://scholar.google.com/citations?user=dlbH2gMAAAAJ&hl=en&oi=sra,Research Scientist @ Apple MLR
https://scholar.google.com/citations?user=F7B1QQsAAAAJ&hl=en&oi=sra,University of Michigan
https://scholar.google.com/citations?user=1ufgax0AAAAJ&hl=en&oi=sra,Tsinghua University
https://scholar.google.com/citations?user=RNnjXTkAAAAJ&hl=en&oi=sra,Yale University - Alma Mater Studiorum University of Bologna
https://scholar.google.com/citations?user=TUDASSYAAAAJ&hl=en&oi=sra,Duke University
https://scholar.google.com/citations?user=CQjmT0oAAAAJ&hl=en&oi=sra,Microsoft
https://scholar.google.com/citations?user=yTkR29UAAAAJ&hl=en&oi=sra,Duke University
https://scholar.google.com/citations?user=USpEfyQAAAAJ&hl=en&oi=sra,Luiss University
https://scholar.google.com/citations?user=Pg36s_QAAAAJ&hl=en&oi=sra,"Professor of Electrical Engineering, KAIST"
https://scholar.google.com/citations?user=uU9COWkAAAAJ&hl=en&oi=sra,Università Sapienza di Roma
https://scholar.google.com/citations?user=LZlPeSwAAAAJ&hl=en&oi=sra,Stanford University
https://scholar.google.com/citations?user=J6RHVgYAAAAJ&hl=en&oi=sra,Tsinghua University
https://scholar.google.com/citations?user=aYiEdlsAAAAJ&hl=en&oi=sra,清华大学
https://scholar.google.com/citations?user=6VY4hNQAAAAJ&hl=en&oi=sra,"Tsinghua University, Zhipu AI"
https://scholar.google.com/citations?user=Z7Ul8jUAAAAJ&hl=en&oi=sra,"Principal Research Associate, University of Cambridge & PolyAI"
https://scholar.google.com/citations?user=aJ5A8hsAAAAJ&hl=en&oi=sra,Massachusetts General Hospital
https://scholar.google.com/citations?user=0DqJ8eIAAAAJ&hl=en&oi=sra,"Professor, Tsinghua University"
https://scholar.google.com/citations?user=w0mOWw4AAAAJ&hl=en&oi=sra,"Professor, Tsinghua University"
https://scholar.google.com/citations?user=dZJy8_8AAAAJ&hl=en&oi=sra,Stanford University
https://scholar.google.com/citations?user=3gcG6RgAAAAJ&hl=en&oi=sra,Tsinghua University
https://scholar.google.com/citations?user=Wd0CDmcAAAAJ&hl=en&oi=sra,"Associate Professor, Computer Science, UCLA"
https://scholar.google.com/citations?user=g-btJGAAAAAJ&hl=en&oi=sra,"Professor, Tsinghua University"
https://scholar.google.com/citations?user=ZX8js60AAAAJ&hl=en&oi=sra,"Professor, Tsinghua University"
https://scholar.google.com/citations?user=WXbhp_4AAAAJ&hl=en&oi=sra,Stanford University
https://scholar.google.com/citations?user=vyuk0KkAAAAJ&hl=en&oi=sra,"Tsinghua University, Zhipu AI"
https://scholar.google.com/citations?user=NVE0JSoAAAAJ&hl=en&oi=sra,"Universitat Pompeu Fabra, Universidad Simón Bolívar, Caracas, Venezuela"
https://scholar.google.com/citations?user=E64XWyMAAAAJ&hl=en&oi=sra,Tsinghua University
https://scholar.google.com/citations?user=esdWNfcAAAAJ&hl=en&oi=sra,"Associate Professor, UCLA"
https://scholar.google.com/citations?user=Rxg0ObMAAAAJ&hl=en&oi=sra,"Principal Research Associate, University of Cambridge & PolyAI"
https://scholar.google.com/citations?user=NeCCx-kAAAAJ&hl=en&oi=sra,"Tsinghua University, Zhipu AI"
https://scholar.google.com/citations?user=7oJZmG0AAAAJ&hl=en&oi=sra,"Universitat Pompeu Fabra, Universidad Simón Bolívar, Caracas, Venezuela"
https://scholar.google.com/citations?user=FmXNcCoAAAAJ&hl=en&oi=sra,Università Sapienza di Roma
https://scholar.google.com/citations?user=TtxmNccAAAAJ&hl=en&oi=sra,Università Sapienza di Roma
https://scholar.google.com/citations?user=G6WnomcAAAAJ&hl=en&oi=sra,Tsinghua University
https://scholar.google.com/citations?user=Sl7nSOsAAAAJ&hl=en&oi=sra,Research Scientist @ Apple MLR
https://scholar.google.com/citations?user=EZN-yecAAAAJ&hl=en&oi=sra,Postdoc at California Institute of Technology & Researcher at Google
https://scholar.google.com/citations?user=VLXsZXQAAAAJ&hl=en&oi=sra,"Tsinghua University, Zhipu AI"
https://scholar.google.com/citations?user=zJ4uM00AAAAJ&hl=en&oi=sra,Università Sapienza di Roma
https://scholar.google.com/citations?user=74Cj5GYAAAAJ&hl=en&oi=sra,Tsinghua University
https://scholar.google.com/citations?user=DJnHEKwAAAAJ&hl=en&oi=sra,"Professor of Statistics and Computer Science, University of Waterloo"
https://scholar.google.com/citations?user=98vX7S8AAAAJ&hl=en&oi=sra,"Professor of Statistics and Computer Science, University of Waterloo"
https://scholar.google.com/citations?user=l-iUHQMAAAAJ&hl=en&oi=sra,University of Michigan
https://scholar.google.com/citations?user=Zd7WmXUAAAAJ&hl=en&oi=sra,Duke University
https://scholar.google.com/citations?user=cKiuYgUAAAAJ&hl=en&oi=sra,Microsoft
https://scholar.google.com/citations?user=CYI6cKgAAAAJ&hl=en&oi=sra,University of Michigan
https://scholar.google.com/citations?user=31seHAMAAAAJ&hl=en&oi=sra,Postdoc at California Institute of Technology & Researcher at Google
https://scholar.google.com/citations?user=RkA1y54AAAAJ&hl=en&oi=sra,Massachusetts General Hospital
https://scholar.google.com/citations?user=dRpg4t8AAAAJ&hl=en&oi=sra,Stanford University
https://scholar.google.com/citations?user=HbqjLHYAAAAJ&hl=en&oi=sra,Postdoc at California Institute of Technology & Researcher at Google
https://scholar.google.com/citations?user=WR875gYAAAAJ&hl=en&oi=sra,University of Michigan
https://scholar.google.com/citations?user=tJGm3-YAAAAJ&hl=en&oi=sra,"Professor, Tsinghua University"
https://scholar.google.com/citations?user=1cH0A9cAAAAJ&hl=en&oi=sra,"Tsinghua University, Zhipu AI"
https://scholar.google.com/citations?user=zWL2qoUAAAAJ&hl=en&oi=sra,"CS, Tsinghua University"
https://scholar.google.com/citations?user=P5DmhngAAAAJ&hl=en&oi=sra,Stanford University
https://scholar.google.com/citations?user=YGDX46AAAAAJ&hl=en&oi=sra,Duke University
https://scholar.google.com/citations?user=01-XV0YAAAAJ&hl=en&oi=sra,"Sessional Lecturer at School of Engineering, University of Guelph"
https://scholar.google.com/citations?user=Kc1FjToAAAAJ&hl=en&oi=sra,Massachusetts General Hospital
https://scholar.google.com/citations?user=hnTpEOAAAAAJ&hl=en&oi=sra,"PolyAI, Cambridge University"
https://scholar.google.com/citations?user=rFcK8EEAAAAJ&hl=en&oi=sra,Postdoc at California Institute of Technology & Researcher at Google
https://scholar.google.com/citations?user=apGDooYAAAAJ&hl=en&oi=sra,Tsinghua University
https://scholar.google.com/citations?user=B3ASjRcAAAAJ&hl=en&oi=sra,Tsinghua University
https://scholar.google.com/citations?user=uBfaWHgAAAAJ&hl=en&oi=sra,Luiss University
https://scholar.google.com/citations?user=kV3WvXcAAAAJ&hl=en&oi=sra,Duke University
https://scholar.google.com/citations?user=OwBrmXwAAAAJ&hl=en&oi=sra,RWTH Aachen University
https://scholar.google.com/citations?user=m77by5QAAAAJ&hl=en&oi=sra,Massachusetts General Hospital
https://scholar.google.com/citations?user=TH31H3sAAAAJ&hl=en&oi=sra,Massachusetts Institute of Technology
https://scholar.google.com/citations?user=bg8RrSkAAAAJ&hl=en&oi=sra,University of Michigan
https://scholar.google.com/citations?user=IcKBHbwAAAAJ&hl=en&oi=sra,"Universitat Pompeu Fabra, Universidad Simón Bolívar, Caracas, Venezuela"
https://scholar.google.com/citations?user=z2Jb7aoAAAAJ&hl=en&oi=sra,Yale University - Alma Mater Studiorum University of Bologna
https://scholar.google.com/citations?user=Qz9CCdwAAAAJ&hl=en&oi=sra,Carnegie Mellon University
https://scholar.google.com/citations?user=j7lrHoMAAAAJ&hl=en&oi=sra,"Professor of Statistics and Computer Science, University of Waterloo"
https://scholar.google.com/citations?user=fpT49d8AAAAJ&hl=en&oi=sra,RWTH Aachen University
https://scholar.google.com/citations?user=Sr21_zYAAAAJ&hl=en&oi=sra,"Partner Research Manager, Microsoft Research"
https://scholar.google.com/citations?user=t9TUznoAAAAJ&hl=en&oi=sra,Carnegie Mellon University
https://scholar.google.com/citations?user=wEfQgPgAAAAJ&hl=en&oi=sra,"PolyAI, Cambridge University"
https://scholar.google.com/citations?user=v-19VOwAAAAJ&hl=en&oi=sra,Research Scientist @ Apple MLR
https://scholar.google.com/citations?user=zYkgms4AAAAJ&hl=en&oi=sra,Luiss University
https://scholar.google.com/citations?user=x9OpZFAAAAAJ&hl=en&oi=sra,"Sessional Lecturer at School of Engineering, University of Guelph"
https://scholar.google.com/citations?user=C_WZIIYAAAAJ&hl=en&oi=sra,Tsinghua University
https://scholar.google.com/citations?user=IUb-xxMAAAAJ&hl=en&oi=sra,"Sessional Lecturer at School of Engineering, University of Guelph"
https://scholar.google.com/citations?user=AU6-UTcAAAAJ&hl=en&oi=sra,RWTH Aachen University
https://scholar.google.com/citations?user=9uWuZkUAAAAJ&hl=en&oi=sra,"Partner Research Manager, Microsoft Research"
https://scholar.google.com/citations?user=x-UYeJ4AAAAJ&hl=en&oi=sra,Massachusetts General Hospital
https://scholar.google.com/citations?user=K9aLTwUAAAAJ&hl=en&oi=sra,Yale University - Alma Mater Studiorum University of Bologna
https://scholar.google.com/citations?user=oQsObk0AAAAJ&hl=en&oi=sra,"Sessional Lecturer at School of Engineering, University of Guelph"
https://scholar.google.com/citations?user=woY4bS8AAAAJ&hl=en&oi=sra,"Associate Professor, Computer Science, UCLA"
https://scholar.google.com/citations?user=0xqWcJwAAAAJ&hl=en&oi=sra,"Tsinghua University, Zhipu AI"
https://scholar.google.com/citations?user=KoEvjo0AAAAJ&hl=en&oi=sra,Postdoc at California Institute of Technology & Researcher at Google
https://scholar.google.com/citations?user=hIokU_IAAAAJ&hl=en&oi=sra,"Sessional Lecturer at School of Engineering, University of Guelph"
https://scholar.google.com/citations?user=BQOwWG8AAAAJ&hl=en&oi=sra,Tsinghua University
https://scholar.google.com/citations?user=7OMxmYcAAAAJ&hl=en&oi=sra,"Associate Professor, Computer Science, UCLA"
https://scholar.google.com/citations?user=4qU3GDIAAAAJ&hl=en&oi=sra,Università Sapienza di Roma
https://scholar.google.com/citations?user=wt7-UUYAAAAJ&hl=en&oi=sra,Yale University - Alma Mater Studiorum University of Bologna
https://scholar.google.com/citations?user=_7mX21UAAAAJ&hl=en&oi=sra,清华大学
https://scholar.google.com/citations?user=EhzjUuAAAAAJ&hl=en&oi=sra,Massachusetts General Hospital
https://scholar.google.com/citations?user=DmahiOYAAAAJ&hl=en&oi=sra,"Sessional Lecturer at School of Engineering, University of Guelph"
https://scholar.google.com/citations?user=y2nrlAwAAAAJ&hl=en&oi=sra,"Associate Professor, UCLA"
https://scholar.google.com/citations?user=3Ifn2DoAAAAJ&hl=en&oi=sra,Carnegie Mellon University
https://scholar.google.com/citations?user=zDwmXigAAAAJ&hl=en&oi=sra,Yale University - Alma Mater Studiorum University of Bologna
https://scholar.google.com/citations?user=89ud6HgAAAAJ&hl=en&oi=sra,Carnegie Mellon University
https://scholar.google.com/citations?user=VITFJCsAAAAJ&hl=en&oi=sra,Duke University
https://scholar.google.com/citations?user=P3dSamwAAAAJ&hl=en&oi=sra,清华大学
https://scholar.google.com/citations?user=6zNgcjAAAAAJ&hl=en&oi=sra,"Professor of Statistics and Computer Science, University of Waterloo"
https://scholar.google.com/citations?user=t0sXvkAAAAAJ&hl=en&oi=sra,Research Scientist @ Apple MLR
https://scholar.google.com/citations?user=_OzUlMkAAAAJ&hl=en&oi=sra,"Sessional Lecturer at School of Engineering, University of Guelph"
https://scholar.google.com/citations?user=YKWc0T8AAAAJ&hl=en&oi=sra,Luiss University
https://scholar.google.com/citations?user=G5KCw3YAAAAJ&hl=en&oi=sra,Massachusetts Institute of Technology
https://scholar.google.com/citations?user=coQ-71sAAAAJ&hl=en&oi=sra,Massachusetts General Hospital
https://scholar.google.com/citations?user=nmm3MyIAAAAJ&hl=en&oi=sra,Università Sapienza di Roma
https://scholar.google.com/citations?user=6gHzym4AAAAJ&hl=en&oi=sra,Microsoft
https://scholar.google.com/citations?user=ujHDA34AAAAJ&hl=en&oi=sra,University of Michigan
https://scholar.google.com/citations?user=Ms2d7OsAAAAJ&hl=en&oi=sra,Università Sapienza di Roma
https://scholar.google.com/citations?user=zriD7s8AAAAJ&hl=en&oi=sra,Postdoc at California Institute of Technology & Researcher at Google
https://scholar.google.com/citations?user=lk5kgzcAAAAJ&hl=en&oi=sra,"Professor, Tsinghua University"
https://scholar.google.com/citations?user=DXGexLoAAAAJ&hl=en&oi=sra,"Principal Research Associate, University of Cambridge & PolyAI"
https://scholar.google.com/citations?user=ilYFF7MAAAAJ&hl=en&oi=sra,清华大学
https://scholar.google.com/citations?user=laKl8acAAAAJ&hl=en&oi=sra,"Universitat Pompeu Fabra, Universidad Simón Bolívar, Caracas, Venezuela"
https://scholar.google.com/citations?user=s_zrmzUAAAAJ&hl=en&oi=sra,"Principal Research Associate, University of Cambridge & PolyAI"
https://scholar.google.com/citations?user=hZ_qeiEAAAAJ&hl=en&oi=sra,Duke University
https://scholar.google.com/citations?user=4v5x0bUAAAAJ&hl=en&oi=sra,"Associate Professor, UCLA"
https://scholar.google.com/citations?user=E7f0T_QAAAAJ&hl=en&oi=sra,Tsinghua University
https://scholar.google.com/citations?user=p42qwXcAAAAJ&hl=en&oi=sra,RWTH Aachen University
https://scholar.google.com/citations?user=q9AbIQgAAAAJ&hl=en&oi=sra,"CS, Tsinghua University"
https://scholar.google.com/citations?user=TcU1Iu4AAAAJ&hl=en&oi=sra,Yale University - Alma Mater Studiorum University of Bologna
https://scholar.google.com/citations?user=6KltFMAAAAAJ&hl=en&oi=sra,RWTH Aachen University
https://scholar.google.com/citations?user=7OgWx3YAAAAJ&hl=en&oi=sra,Research Scientist @ Apple MLR
https://scholar.google.com/citations?user=KJkTFEQAAAAJ&hl=en&oi=sra,Massachusetts Institute of Technology
https://scholar.google.com/citations?user=i1ZWWjEAAAAJ&hl=en&oi=sra,Research Scientist @ Apple MLR
https://scholar.google.com/citations?user=FfWfWiAAAAAJ&hl=en&oi=sra,"Sessional Lecturer at School of Engineering, University of Guelph"
https://scholar.google.com/citations?user=Ka57qcUAAAAJ&hl=en&oi=sra,Carnegie Mellon University
https://scholar.google.com/citations?user=PEjoN0wAAAAJ&hl=en&oi=sra,Tsinghua University
https://scholar.google.com/citations?user=fhxshS0AAAAJ&hl=en&oi=sra,Carnegie Mellon University
https://scholar.google.com/citations?user=LlRE2jAAAAAJ&hl=en&oi=sra,"Professor, Tsinghua University"
https://scholar.google.com/citations?user=6GXJI08AAAAJ&hl=en&oi=sra,Tsinghua University
https://scholar.google.com/citations?user=njEJE3oAAAAJ&hl=en&oi=sra,"Associate Professor, UCLA"
https://scholar.google.com/citations?user=YodZyBEAAAAJ&hl=en&oi=sra,Yale University - Alma Mater Studiorum University of Bologna
https://scholar.google.com/citations?user=X2Wfl1UAAAAJ&hl=en&oi=sra,"Sessional Lecturer at School of Engineering, University of Guelph"
https://scholar.google.com/citations?user=sR-o217_7K8C&hl=en&oi=sra,Postdoc at California Institute of Technology & Researcher at Google
https://scholar.google.com/citations?user=IwCU_PAAAAAJ&hl=en&oi=sra,"Universitat Pompeu Fabra, Universidad Simón Bolívar, Caracas, Venezuela"
https://scholar.google.com/citations?user=6CRBF-MAAAAJ&hl=en&oi=sra,Postdoc at California Institute of Technology & Researcher at Google
https://scholar.google.com/citations?user=DknNWHkAAAAJ&hl=en&oi=sra,"Professor of Electrical Engineering, KAIST"
https://scholar.google.com/citations?user=NXPB3X0AAAAJ&hl=en&oi=sra,"Professor of Statistics and Computer Science, University of Waterloo"
https://scholar.google.com/citations?user=UingtQYAAAAJ&hl=en&oi=sra,Yale University - Alma Mater Studiorum University of Bologna
https://scholar.google.com/citations?user=ZCaIF_wAAAAJ&hl=en&oi=sra,"CS, Tsinghua University"
https://scholar.google.com/citations?user=0-wmNIMAAAAJ&hl=en&oi=sra,"Tsinghua University, Zhipu AI"
https://scholar.google.com/citations?user=hvs8PEoAAAAJ&hl=en&oi=sra,Research Scientist @ Apple MLR
https://scholar.google.com/citations?user=TDk55OQAAAAJ&hl=en&oi=sra,Luiss University
https://scholar.google.com/citations?user=E-Ojz64AAAAJ&hl=en&oi=sra,Luiss University
https://scholar.google.com/citations?user=vtTFCCQAAAAJ&hl=en&oi=sra,Duke University
https://scholar.google.com/citations?user=LmJN-n4AAAAJ&hl=en&oi=sra,"Associate Professor, Computer Science, UCLA"
https://scholar.google.com/citations?user=IvOlenIAAAAJ&hl=en&oi=sra,"PolyAI, Cambridge University"
https://scholar.google.com/citations?user=B8hPxMQAAAAJ&hl=en&oi=sra,Yale University - Alma Mater Studiorum University of Bologna
https://scholar.google.com/citations?user=jISeSq0AAAAJ&hl=en&oi=sra,"Partner Research Manager, Microsoft Research"
https://scholar.google.com/citations?user=GIXbxZAAAAAJ&hl=en&oi=sra,"Associate Professor, UCLA"
https://scholar.google.com/citations?user=uFAs9aEAAAAJ&hl=en&oi=sra,Microsoft
https://scholar.google.com/citations?user=oVYZ904AAAAJ&hl=en&oi=sra,Massachusetts General Hospital
https://scholar.google.com/citations?user=KQBJ4pYAAAAJ&hl=en&oi=sra,"Professor of Statistics and Computer Science, University of Waterloo"
https://scholar.google.com/citations?user=faNC_FoAAAAJ&hl=en&oi=sra,Stanford University
https://scholar.google.com/citations?user=RMvoE4sAAAAJ&hl=en&oi=sra,"Partner Research Manager, Microsoft Research"
https://scholar.google.com/citations?user=ptcJKecAAAAJ&hl=en&oi=sra,"Tsinghua University, Zhipu AI"
https://scholar.google.com/citations?user=y4DW-KoAAAAJ&hl=en&oi=sra,Massachusetts Institute of Technology
https://scholar.google.com/citations?user=yl3L07sAAAAJ&hl=en&oi=sra,"Principal Research Associate, University of Cambridge & PolyAI"
https://scholar.google.com/citations?user=TIC2ujUAAAAJ&hl=en&oi=sra,Research Scientist @ Apple MLR
https://scholar.google.com/citations?user=A4be1l4AAAAJ&hl=en&oi=sra,Carnegie Mellon University
https://scholar.google.com/citations?user=_GJ1x44AAAAJ&hl=en&oi=sra,Yale University - Alma Mater Studiorum University of Bologna
https://scholar.google.com/citations?user=pcmr6GMAAAAJ&hl=en&oi=sra,"Universitat Pompeu Fabra, Universidad Simón Bolívar, Caracas, Venezuela"
https://scholar.google.com/citations?user=AscakBgAAAAJ&hl=en&oi=sra,"Professor of Electrical Engineering, KAIST"
https://scholar.google.com/citations?user=C8bN8dEAAAAJ&hl=en&oi=sra,"Sessional Lecturer at School of Engineering, University of Guelph"
https://scholar.google.com/citations?user=krQJJwIAAAAJ&hl=en&oi=sra,"CS, Tsinghua University"
https://scholar.google.com/citations?user=akNuBBEAAAAJ&hl=en&oi=sra,"Partner Research Manager, Microsoft Research"
https://scholar.google.com/citations?user=Jn93q3YAAAAJ&hl=en&oi=sra,"Tsinghua University, Zhipu AI"
https://scholar.google.com/citations?user=Q-n9_FgAAAAJ&hl=en&oi=sra,"Professor, Tsinghua University"
https://scholar.google.com/citations?user=tWI9Pw8AAAAJ&hl=en&oi=sra,"Partner Research Manager, Microsoft Research"
https://scholar.google.com/citations?user=8V-ZZZEAAAAJ&hl=en&oi=sra,Research Scientist @ Apple MLR
https://scholar.google.com/citations?user=UZ1gBvAAAAAJ&hl=en&oi=sra,Duke University
https://scholar.google.com/citations?user=WtO-bN8AAAAJ&hl=en&oi=sra,University of Michigan
https://scholar.google.com/citations?user=sfEPWiAAAAAJ&hl=en&oi=sra,Microsoft
https://scholar.google.com/citations?user=QJokx7YAAAAJ&hl=en&oi=sra,Research Scientist @ Apple MLR
https://scholar.google.com/citations?user=sgA1zJAAAAAJ&hl=en&oi=sra,"Professor, Tsinghua University"
https://scholar.google.com/citations?user=8q9w9sUAAAAJ&hl=en&oi=sra,Tsinghua University
https://scholar.google.com/citations?user=M2QLuPYAAAAJ&hl=en&oi=sra,Postdoc at California Institute of Technology & Researcher at Google
https://scholar.google.com/citations?user=mWmmDMwAAAAJ&hl=en&oi=sra,Duke University
https://scholar.google.com/citations?user=J35nhUcAAAAJ&hl=en&oi=sra,"Principal Research Associate, University of Cambridge & PolyAI"
https://scholar.google.com/citations?user=bM66AlYAAAAJ&hl=en&oi=sra,RWTH Aachen University
https://scholar.google.com/citations?user=ZRbRQ0cAAAAJ&hl=en&oi=sra,"PolyAI, Cambridge University"
https://scholar.google.com/citations?user=fwAarOoAAAAJ&hl=en&oi=sra,"Universitat Pompeu Fabra, Universidad Simón Bolívar, Caracas, Venezuela"
https://scholar.google.com/citations?user=YqLYYe0AAAAJ&hl=en&oi=sra,"CS, Tsinghua University"
https://scholar.google.com/citations?user=pZ205ZAAAAAJ&hl=en&oi=sra,Microsoft
https://scholar.google.com/citations?user=0523fg0AAAAJ&hl=en&oi=sra,"Associate Professor, UCLA"
https://scholar.google.com/citations?user=fAxE9bwAAAAJ&hl=en&oi=sra,Stanford University
https://scholar.google.com/citations?user=ZVgyp7AAAAAJ&hl=en&oi=sra,Luiss University
https://scholar.google.com/citations?user=dS3LulEAAAAJ&hl=en&oi=sra,Tsinghua University
https://scholar.google.com/citations?user=-nnVadsAAAAJ&hl=en&oi=sra,Università Sapienza di Roma
https://scholar.google.com/citations?user=lCgSjYAAAAAJ&hl=en&oi=sra,Massachusetts General Hospital
https://scholar.google.com/citations?user=Va50YzkAAAAJ&hl=en&oi=sra,Stanford University
https://scholar.google.com/citations?user=pG5Zz4kAAAAJ&hl=en&oi=sra,"Professor of Electrical Engineering, KAIST"
https://scholar.google.com/citations?user=r1ctChkAAAAJ&hl=en&oi=sra,Duke University
https://scholar.google.com/citations?user=rIGhfU0AAAAJ&hl=en&oi=sra,"Tsinghua University, Zhipu AI"
https://scholar.google.com/citations?user=Xdp4o5EAAAAJ&hl=en&oi=sra,"Principal Research Associate, University of Cambridge & PolyAI"
https://scholar.google.com/citations?user=ylBsyVcAAAAJ&hl=en&oi=sra,"Associate Professor, UCLA"
https://scholar.google.com/citations?user=jQ8vpPkAAAAJ&hl=en&oi=sra,University of Michigan
https://scholar.google.com/citations?user=0GoPTqsAAAAJ&hl=en&oi=sra,"Sessional Lecturer at School of Engineering, University of Guelph"
https://scholar.google.com/citations?user=2t7iBnkAAAAJ&hl=en&oi=sra,Luiss University
https://scholar.google.com/citations?user=AwoB-SwAAAAJ&hl=en&oi=sra,Duke University
https://scholar.google.com/citations?user=p7oF-XIAAAAJ&hl=en&oi=sra,Massachusetts Institute of Technology
https://scholar.google.com/citations?user=WvVYe_0AAAAJ&hl=en&oi=sra,Research Scientist @ Apple MLR
https://scholar.google.com/citations?user=s6XjtCMAAAAJ&hl=en&oi=sra,"Universitat Pompeu Fabra, Universidad Simón Bolívar, Caracas, Venezuela"
https://scholar.google.com/citations?user=AJza7rIAAAAJ&hl=en&oi=sra,"PolyAI, Cambridge University"
https://scholar.google.com/citations?user=3Q68CjYAAAAJ&hl=en&oi=sra,Tsinghua University
https://scholar.google.com/citations?user=qxNzQfQAAAAJ&hl=en&oi=sra,"Universitat Pompeu Fabra, Universidad Simón Bolívar, Caracas, Venezuela"
https://scholar.google.com/citations?user=0OnhovsAAAAJ&hl=en&oi=sra,"Tsinghua University, Zhipu AI"
https://scholar.google.com/citations?user=ItxA4esAAAAJ&hl=en&oi=sra,Tsinghua University
https://scholar.google.com/citations?user=TUuSntYAAAAJ&hl=en&oi=sra,"CS, Tsinghua University"
https://scholar.google.com/citations?user=2Ypmp4YAAAAJ&hl=en&oi=sra,"Associate Professor, UCLA"
https://scholar.google.com/citations?user=78e7r2IAAAAJ&hl=en&oi=sra,"Partner Research Manager, Microsoft Research"
https://scholar.google.com/citations?user=wwKwgPMAAAAJ&hl=en&oi=sra,"Associate Professor, Computer Science, UCLA"
https://scholar.google.com/citations?user=fBu11ZoAAAAJ&hl=en&oi=sra,Massachusetts Institute of Technology
https://scholar.google.com/citations?user=mw1nly0AAAAJ&hl=en&oi=sra,"Associate Professor, Computer Science, UCLA"
https://scholar.google.com/citations?user=dmmIl0IAAAAJ&hl=en&oi=sra,"CS, Tsinghua University"
https://scholar.google.com/citations?user=PXgw3lUAAAAJ&hl=en&oi=sra,Università Sapienza di Roma
https://scholar.google.com/citations?user=Tz0I4ywAAAAJ&hl=en&oi=sra,"Associate Professor, UCLA"
https://scholar.google.com/citations?user=ouEDJ0EAAAAJ&hl=en&oi=sra,"Associate Professor, UCLA"
https://scholar.google.com/citations?user=HVe5TKQAAAAJ&hl=en&oi=sra,Carnegie Mellon University
https://scholar.google.com/citations?user=FQSWa4sAAAAJ&hl=en&oi=sra,Luiss University
https://scholar.google.com/citations?user=lOT7YpQAAAAJ&hl=en&oi=sra,"Partner Research Manager, Microsoft Research"
https://scholar.google.com/citations?user=6lKCN44AAAAJ&hl=en&oi=sra,"Professor of Statistics and Computer Science, University of Waterloo"
https://scholar.google.com/citations?user=ci9pfSAAAAAJ&hl=en&oi=sra,Massachusetts Institute of Technology
https://scholar.google.com/citations?user=Xtj0EBAAAAAJ&hl=en&oi=sra,"Partner Research Manager, Microsoft Research"
https://scholar.google.com/citations?user=Vm6KgDIAAAAJ&hl=en&oi=sra,"CS, Tsinghua University"
https://scholar.google.com/citations?user=OP3AOFUAAAAJ&hl=en&oi=sra,"Principal Research Associate, University of Cambridge & PolyAI"
https://scholar.google.com/citations?user=cw3EaAYAAAAJ&hl=en&oi=sra,Stanford University
https://scholar.google.com/citations?user=svtERBEAAAAJ&hl=en&oi=sra,Massachusetts General Hospital
https://scholar.google.com/citations?user=P_L_ugQAAAAJ&hl=en&oi=sra,"Professor of Statistics and Computer Science, University of Waterloo"
https://scholar.google.com/citations?user=pUl9H8gAAAAJ&hl=en&oi=sra,"Professor of Electrical Engineering, KAIST"
https://scholar.google.com/citations?user=pLk6BrEAAAAJ&hl=en&oi=sra,Luiss University
https://scholar.google.com/citations?user=r7gAWagAAAAJ&hl=en&oi=sra,Università Sapienza di Roma
https://scholar.google.com/citations?user=K6jhzXcAAAAJ&hl=en&oi=sra,"Professor of Electrical Engineering, KAIST"
https://scholar.google.com/citations?user=QcK8uaEAAAAJ&hl=en&oi=sra,"Professor of Statistics and Computer Science, University of Waterloo"
https://scholar.google.com/citations?user=8JUq-HcAAAAJ&hl=en&oi=sra,"Tsinghua University, Zhipu AI"
https://scholar.google.com/citations?user=QUwym50AAAAJ&hl=en&oi=sra,Postdoc at California Institute of Technology & Researcher at Google
https://scholar.google.com/citations?user=xaoz3-gAAAAJ&hl=en&oi=sra,Duke University
https://scholar.google.com/citations?user=5L0Uj_IAAAAJ&hl=en&oi=sra,Yale University - Alma Mater Studiorum University of Bologna
https://scholar.google.com/citations?user=UliUD0gAAAAJ&hl=en&oi=sra,Postdoc at California Institute of Technology & Researcher at Google
https://scholar.google.com/citations?user=8Jd1aUEAAAAJ&hl=en&oi=sra,RWTH Aachen University
https://scholar.google.com/citations?user=JD0rG3gAAAAJ&hl=en&oi=sra,"Associate Professor, UCLA"
https://scholar.google.com/citations?user=BIHeNNUAAAAJ&hl=en&oi=sra,Postdoc at California Institute of Technology & Researcher at Google
https://scholar.google.com/citations?user=mRySV7sAAAAJ&hl=en&oi=sra,"Professor of Statistics and Computer Science, University of Waterloo"
https://scholar.google.com/citations?user=r5eBXsIAAAAJ&hl=en&oi=sra,清华大学
https://scholar.google.com/citations?user=hff-KJUAAAAJ&hl=en&oi=sra,"PolyAI, Cambridge University"
https://scholar.google.com/citations?user=tAmnWicAAAAJ&hl=en&oi=sra,清华大学
https://scholar.google.com/citations?user=AljYevIAAAAJ&hl=en&oi=sra,"Professor, Tsinghua University"
https://scholar.google.com/citations?user=Q3zBoe0AAAAJ&hl=en&oi=sra,Massachusetts General Hospital
https://scholar.google.com/citations?user=_oYzrzAAAAAJ&hl=en&oi=sra,Duke University
https://scholar.google.com/citations?user=iR-crJYAAAAJ&hl=en&oi=sra,Massachusetts Institute of Technology
https://scholar.google.com/citations?user=GwEFJv8AAAAJ&hl=en&oi=sra,Tsinghua University
https://scholar.google.com/citations?user=7OIp0rwAAAAJ&hl=en&oi=sra,Duke University
https://scholar.google.com/citations?user=ppBiQhMAAAAJ&hl=en&oi=sra,RWTH Aachen University
https://scholar.google.com/citations?user=vJWEw_8AAAAJ&hl=en&oi=sra,Research Scientist @ Apple MLR
https://scholar.google.com/citations?user=lyhV_fgAAAAJ&hl=en&oi=sra,"Tsinghua University, Zhipu AI"
https://scholar.google.com/citations?user=Uih8yHsAAAAJ&hl=en&oi=sra,"Tsinghua University, Zhipu AI"
https://scholar.google.com/citations?user=uhVkSswAAAAJ&hl=en&oi=sra,Massachusetts Institute of Technology
https://scholar.google.com/citations?user=_lV12i0AAAAJ&hl=en&oi=sra,清华大学
https://scholar.google.com/citations?user=wIEgwbkAAAAJ&hl=en&oi=sra,Research Scientist @ Apple MLR
https://scholar.google.com/citations?user=a6MYnuUAAAAJ&hl=en&oi=sra,University of Michigan
https://scholar.google.com/citations?user=Vy_sw5UAAAAJ&hl=en&oi=sra,Tsinghua University
https://scholar.google.com/citations?user=vIU6eHYAAAAJ&hl=en&oi=sra,Yale University - Alma Mater Studiorum University of Bologna
https://scholar.google.com/citations?user=zjaqexkAAAAJ&hl=en&oi=sra,Duke University
https://scholar.google.com/citations?user=trwwiW4AAAAJ&hl=en&oi=sra,Luiss University
https://scholar.google.com/citations?user=XApspCQAAAAJ&hl=en&oi=sra,Stanford University
https://scholar.google.com/citations?user=lNaynLcAAAAJ&hl=en&oi=sra,Tsinghua University
https://scholar.google.com/citations?user=8n39J5EAAAAJ&hl=en&oi=sra,清华大学
https://scholar.google.com/citations?user=9Z1pfWMAAAAJ&hl=en&oi=sra,"Principal Research Associate, University of Cambridge & PolyAI"
https://scholar.google.com/citations?user=lc-FmG4AAAAJ&hl=en&oi=sra,Massachusetts General Hospital
https://scholar.google.com/citations?user=A8x07E0AAAAJ&hl=en&oi=sra,"Professor, Tsinghua University"
https://scholar.google.com/citations?user=fqDBtzYAAAAJ&hl=en&oi=sra,Stanford University
https://scholar.google.com/citations?user=WDVMfggAAAAJ&hl=en&oi=sra,Tsinghua University
https://scholar.google.com/citations?user=vL8Z884AAAAJ&hl=en&oi=sra,"Professor, Tsinghua University"
https://scholar.google.com/citations?user=AvMkdhQAAAAJ&hl=en&oi=sra,"Tsinghua University, Zhipu AI"
https://scholar.google.com/citations?user=It3Gm1EAAAAJ&hl=en&oi=sra,"Universitat Pompeu Fabra, Universidad Simón Bolívar, Caracas, Venezuela"
https://scholar.google.com/citations?user=GDm6BIAAAAAJ&hl=en&oi=sra,"Associate Professor, UCLA"
https://scholar.google.com/citations?user=V_SMuA8AAAAJ&hl=en&oi=sra,"Tsinghua University, Zhipu AI"
https://scholar.google.com/citations?user=kz2aIc8AAAAJ&hl=en&oi=sra,Università Sapienza di Roma
https://scholar.google.com/citations?user=G8a4FrwAAAAJ&hl=en&oi=sra,Research Scientist @ Apple MLR
https://scholar.google.com/citations?user=IoVlb40AAAAJ&hl=en&oi=sra,Università Sapienza di Roma
https://scholar.google.com/citations?user=SB3_eb0AAAAJ&hl=en&oi=sra,"Professor of Statistics and Computer Science, University of Waterloo"
https://scholar.google.com/citations?user=TS1RoxAAAAAJ&hl=en&oi=sra,Duke University
https://scholar.google.com/citations?user=PN7hXAMAAAAJ&hl=en&oi=sra,University of Michigan
https://scholar.google.com/citations?user=TgrJOjoAAAAJ&hl=en&oi=sra,Postdoc at California Institute of Technology & Researcher at Google
https://scholar.google.com/citations?user=EpQ_sDEAAAAJ&hl=en&oi=sra,"Professor, Tsinghua University"
https://scholar.google.com/citations?user=a6ZGNTEAAAAJ&hl=en&oi=sra,"Tsinghua University, Zhipu AI"
https://scholar.google.com/citations?user=sYza2XwAAAAJ&hl=en&oi=sra,University of Michigan
https://scholar.google.com/citations?user=hzGqxY4AAAAJ&hl=en&oi=sra,"CS, Tsinghua University"
https://scholar.google.com/citations?user=6MfHyuMAAAAJ&hl=en&oi=sra,Stanford University
https://scholar.google.com/citations?user=1W2Tio4AAAAJ&hl=en&oi=sra,Duke University
https://scholar.google.com/citations?user=XNbe_O4AAAAJ&hl=en&oi=sra,Massachusetts General Hospital
https://scholar.google.com/citations?user=uGk7CJ0AAAAJ&hl=en&oi=sra,Postdoc at California Institute of Technology & Researcher at Google
https://scholar.google.com/citations?user=s1NMu_UAAAAJ&hl=en&oi=sra,Duke University
https://scholar.google.com/citations?user=bNsRATcAAAAJ&hl=en&oi=sra,RWTH Aachen University
https://scholar.google.com/citations?user=HBcLdvkAAAAJ&hl=en&oi=sra,Massachusetts General Hospital
https://scholar.google.com/citations?user=lRd-79wAAAAJ&hl=en&oi=sra,"Universitat Pompeu Fabra, Universidad Simón Bolívar, Caracas, Venezuela"
https://scholar.google.com/citations?user=PYa-GvAAAAAJ&hl=en&oi=sra,"Partner Research Manager, Microsoft Research"
https://scholar.google.com/citations?user=PbT7zOQAAAAJ&hl=en&oi=sra,"Professor of Statistics and Computer Science, University of Waterloo"
https://scholar.google.com/citations?user=mpn42u8AAAAJ&hl=en&oi=sra,Carnegie Mellon University
https://scholar.google.com/citations?user=cqOLO7IAAAAJ&hl=en&oi=sra,"PolyAI, Cambridge University"
https://scholar.google.com/citations?user=nef0z7IAAAAJ&hl=en&oi=sra,Luiss University
https://scholar.google.com/citations?user=9wOJrf8AAAAJ&hl=en&oi=sra,Tsinghua University
https://scholar.google.com/citations?user=o-5vyEsAAAAJ&hl=en&oi=sra,"Partner Research Manager, Microsoft Research"
https://scholar.google.com/citations?user=2HhiGzcAAAAJ&hl=en&oi=sra,Massachusetts General Hospital
https://scholar.google.com/citations?user=ewuGUCwAAAAJ&hl=en&oi=sra,"Associate Professor, Computer Science, UCLA"
https://scholar.google.com/citations?user=Iy7fWLkAAAAJ&hl=en&oi=sra,"Tsinghua University, Zhipu AI"
https://scholar.google.com/citations?user=5DkJlH8AAAAJ&hl=en&oi=sra,Postdoc at California Institute of Technology & Researcher at Google
https://scholar.google.com/citations?user=QMuveu8AAAAJ&hl=en&oi=sra,"Sessional Lecturer at School of Engineering, University of Guelph"
https://scholar.google.com/citations?user=n4HIyXQAAAAJ&hl=en&oi=sra,Tsinghua University
https://scholar.google.com/citations?user=rFe-3twAAAAJ&hl=en&oi=sra,"Associate Professor, Computer Science, UCLA"
https://scholar.google.com/citations?user=OK8EYAoAAAAJ&hl=en&oi=sra,Yale University - Alma Mater Studiorum University of Bologna
https://scholar.google.com/citations?user=X3uWrikAAAAJ&hl=en&oi=sra,清华大学
https://scholar.google.com/citations?user=v-AEFIEAAAAJ&hl=en&oi=sra,"Sessional Lecturer at School of Engineering, University of Guelph"
https://scholar.google.com/citations?user=MNKU_WcAAAAJ&hl=en&oi=sra,Carnegie Mellon University
https://scholar.google.com/citations?user=Q-1yY0cAAAAJ&hl=en&oi=sra,Yale University - Alma Mater Studiorum University of Bologna
https://scholar.google.com/citations?user=wLnovngAAAAJ&hl=en&oi=sra,"Professor of Statistics and Computer Science, University of Waterloo"
https://scholar.google.com/citations?user=bf2ZrFcAAAAJ&hl=en&oi=sra,Research Scientist @ Apple MLR
https://scholar.google.com/citations?user=IEHftCIAAAAJ&hl=en&oi=sra,Massachusetts Institute of Technology
https://scholar.google.com/citations?user=Yv93p0MAAAAJ&hl=en&oi=sra,Università Sapienza di Roma
https://scholar.google.com/citations?user=B847xq8AAAAJ&hl=en&oi=sra,University of Michigan
https://scholar.google.com/citations?user=whItexkAAAAJ&hl=en&oi=sra,"Professor, Tsinghua University"
https://scholar.google.com/citations?user=COhwKngAAAAJ&hl=en&oi=sra,清华大学
https://scholar.google.com/citations?user=legkbM0AAAAJ&hl=en&oi=sra,"Universitat Pompeu Fabra, Universidad Simón Bolívar, Caracas, Venezuela"
https://scholar.google.com/citations?user=GLSExiMAAAAJ&hl=en&oi=sra,"Principal Research Associate, University of Cambridge & PolyAI"
https://scholar.google.com/citations?user=XBzDTAQAAAAJ&hl=en&oi=sra,"Associate Professor, UCLA"
https://scholar.google.com/citations?user=TeY8GMoAAAAJ&hl=en&oi=sra,Tsinghua University
https://scholar.google.com/citations?user=o31BPFsAAAAJ&hl=en&oi=sra,RWTH Aachen University
https://scholar.google.com/citations?user=F2P41CsAAAAJ&hl=en&oi=sra,"CS, Tsinghua University"
https://scholar.google.com/citations?user=Fvq2R14AAAAJ&hl=en&oi=sra,RWTH Aachen University
https://scholar.google.com/citations?user=DW0hlZsAAAAJ&hl=en&oi=sra,Research Scientist @ Apple MLR
https://scholar.google.com/citations?user=BVUcMU4AAAAJ&hl=en&oi=sra,Massachusetts Institute of Technology
https://scholar.google.com/citations?user=YPbaQkQAAAAJ&hl=en&oi=sra,Research Scientist @ Apple MLR
https://scholar.google.com/citations?user=Zno4WggAAAAJ&hl=en&oi=sra,Carnegie Mellon University
https://scholar.google.com/citations?user=XZOgIwEAAAAJ&hl=en&oi=sra,Carnegie Mellon University
https://scholar.google.com/citations?user=gIzJ2sQAAAAJ&hl=en&oi=sra,"Professor, Tsinghua University"
https://scholar.google.com/citations?user=OvOGKVAAAAAJ&hl=en&oi=sra,"Associate Professor, UCLA"
https://scholar.google.com/citations?user=TWAn5XoAAAAJ&hl=en&oi=sra,"Sessional Lecturer at School of Engineering, University of Guelph"
https://scholar.google.com/citations?user=0ktnXXMAAAAJ&hl=en&oi=sra,Postdoc at California Institute of Technology & Researcher at Google
https://scholar.google.com/citations?user=IQt4hvoAAAAJ&hl=en&oi=sra,"Tsinghua University, Zhipu AI"
https://scholar.google.com/citations?user=hs6pGXoAAAAJ&hl=en&oi=sra,Luiss University
https://scholar.google.com/citations?user=IbqU0JIAAAAJ&hl=en&oi=sra,Duke University
https://scholar.google.com/citations?user=oW2lr0kAAAAJ&hl=en&oi=sra,"PolyAI, Cambridge University"
https://scholar.google.com/citations?user=ybRe9GcAAAAJ&hl=en&oi=sra,Yale University - Alma Mater Studiorum University of Bologna
https://scholar.google.com/citations?user=wWzx_k0AAAAJ&hl=en&oi=sra,"Partner Research Manager, Microsoft Research"
https://scholar.google.com/citations?user=bDKurOUAAAAJ&hl=en&oi=sra,"Associate Professor, UCLA"
https://scholar.google.com/citations?user=HpvdLD4AAAAJ&hl=en&oi=sra,Microsoft
https://scholar.google.com/citations?user=lgZNSkgAAAAJ&hl=en&oi=sra,Massachusetts General Hospital
https://scholar.google.com/citations?user=_e0H23UAAAAJ&hl=en&oi=sra,"Professor of Statistics and Computer Science, University of Waterloo"
https://scholar.google.com/citations?user=7ejOImcAAAAJ&hl=en&oi=sra,Massachusetts Institute of Technology
https://scholar.google.com/citations?user=AAGUBuIAAAAJ&hl=en&oi=sra,Research Scientist @ Apple MLR
https://scholar.google.com/citations?user=MzL-WnEAAAAJ&hl=en&oi=sra,Carnegie Mellon University
https://scholar.google.com/citations?user=UC2_V1MAAAAJ&hl=en&oi=sra,"Universitat Pompeu Fabra, Universidad Simón Bolívar, Caracas, Venezuela"
https://scholar.google.com/citations?user=PCDSl2sAAAAJ&hl=en&oi=sra,"Professor of Electrical Engineering, KAIST"
https://scholar.google.com/citations?user=6anCcgwAAAAJ&hl=en&oi=sra,"CS, Tsinghua University"
https://scholar.google.com/citations?user=0-tF1dwAAAAJ&hl=en&oi=sra,"Partner Research Manager, Microsoft Research"
https://scholar.google.com/citations?user=Zgbe0iEAAAAJ&hl=en&oi=sra,Research Scientist @ Apple MLR
https://scholar.google.com/citations?user=4kdySIYAAAAJ&hl=en&oi=sra,Duke University
https://scholar.google.com/citations?user=Qskj_scAAAAJ&hl=en&oi=sra,University of Michigan
https://scholar.google.com/citations?user=zTTUHy0AAAAJ&hl=en&oi=sra,Microsoft
https://scholar.google.com/citations?user=6ZPu3PIAAAAJ&hl=en&oi=sra,"Professor, Tsinghua University"
https://scholar.google.com/citations?user=t6Q_vzUAAAAJ&hl=en&oi=sra,Tsinghua University
https://scholar.google.com/citations?user=P4NJox8AAAAJ&hl=en&oi=sra,University of Michigan
https://scholar.google.com/citations?user=7pDl1GsAAAAJ&hl=en&oi=sra,"PolyAI, Cambridge University"
https://scholar.google.com/citations?user=o-p7pp4AAAAJ&hl=en&oi=sra,"CS, Tsinghua University"
https://scholar.google.com/citations?user=WRZ91QEAAAAJ&hl=en&oi=sra,"Associate Professor, UCLA"
https://scholar.google.com/citations?user=gzkMK-MAAAAJ&hl=en&oi=sra,Stanford University
https://scholar.google.com/citations?user=bbe_MZEAAAAJ&hl=en&oi=sra,Tsinghua University
https://scholar.google.com/citations?user=eUpifKMAAAAJ&hl=en&oi=sra,Massachusetts General Hospital
https://scholar.google.com/citations?user=tJNCPogAAAAJ&hl=en&oi=sra,Stanford University
https://scholar.google.com/citations?user=5NiJ1VoAAAAJ&hl=en&oi=sra,Duke University
https://scholar.google.com/citations?user=I_Fmn-QAAAAJ&hl=en&oi=sra,"Tsinghua University, Zhipu AI"
https://scholar.google.com/citations?user=gQvnTIQAAAAJ&hl=en&oi=sra,"Principal Research Associate, University of Cambridge & PolyAI"
https://scholar.google.com/citations?user=yOXYHRsAAAAJ&hl=en&oi=sra,University of Michigan
https://scholar.google.com/citations?user=yeLdvGoAAAAJ&hl=en&oi=sra,Luiss University
https://scholar.google.com/citations?user=89C_mxcAAAAJ&hl=en&oi=sra,Duke University
https://scholar.google.com/citations?user=2Un1c7QAAAAJ&hl=en&oi=sra,Massachusetts Institute of Technology
https://scholar.google.com/citations?user=K3_HjboAAAAJ&hl=en&oi=sra,Tsinghua University
https://scholar.google.com/citations?user=pEmFAKUAAAAJ&hl=en&oi=sra,"Universitat Pompeu Fabra, Universidad Simón Bolívar, Caracas, Venezuela"
https://scholar.google.com/citations?user=X7SMP1EAAAAJ&hl=en&oi=sra,Tsinghua University
https://scholar.google.com/citations?user=0a9ZOWsAAAAJ&hl=en&oi=sra,"Associate Professor, Computer Science, UCLA"
https://scholar.google.com/citations?user=B4NztA8AAAAJ&hl=en&oi=sra,Massachusetts Institute of Technology
https://scholar.google.com/citations?user=C3aEsC8AAAAJ&hl=en&oi=sra,"CS, Tsinghua University"
https://scholar.google.com/citations?user=8ak4tvsAAAAJ&hl=en&oi=sra,Università Sapienza di Roma
https://scholar.google.com/citations?user=ZCo9pFUAAAAJ&hl=en&oi=sra,"Associate Professor, UCLA"
https://scholar.google.com/citations?user=50_PZ4MAAAAJ&hl=en&oi=sra,"Associate Professor, UCLA"
https://scholar.google.com/citations?user=mnifqeUAAAAJ&hl=en&oi=sra,Università Sapienza di Roma
https://scholar.google.com/citations?user=dXQSjqYAAAAJ&hl=en&oi=sra,Carnegie Mellon University
https://scholar.google.com/citations?user=LPNlQRUAAAAJ&hl=en&oi=sra,"Partner Research Manager, Microsoft Research"
https://scholar.google.com/citations?user=_n6B_5oAAAAJ&hl=en&oi=sra,"Professor of Statistics and Computer Science, University of Waterloo"
https://scholar.google.com/citations?user=ovOOrQsAAAAJ&hl=en&oi=sra,"Principal Research Associate, University of Cambridge & PolyAI"
https://scholar.google.com/citations?user=0uWkLp4AAAAJ&hl=en&oi=sra,Massachusetts General Hospital
https://scholar.google.com/citations?user=_Zr9Q_gAAAAJ&hl=en&oi=sra,"Sessional Lecturer at School of Engineering, University of Guelph"
https://scholar.google.com/citations?user=K8FwwbIAAAAJ&hl=en&oi=sra,"Professor of Statistics and Computer Science, University of Waterloo"
https://scholar.google.com/citations?user=qMT0sqAAAAAJ&hl=en&oi=sra,"Professor of Electrical Engineering, KAIST"
https://scholar.google.com/citations?user=v5CMqA4AAAAJ&hl=en&oi=sra,Postdoc at California Institute of Technology & Researcher at Google
https://scholar.google.com/citations?user=lReHnAEAAAAJ&hl=en&oi=sra,Yale University - Alma Mater Studiorum University of Bologna
https://scholar.google.com/citations?user=8856kNwAAAAJ&hl=en&oi=sra,Postdoc at California Institute of Technology & Researcher at Google
https://scholar.google.com/citations?user=xp3LGRQAAAAJ&hl=en&oi=sra,"PolyAI, Cambridge University"
https://scholar.google.com/citations?user=ZYT25u8AAAAJ&hl=en&oi=sra,清华大学
https://scholar.google.com/citations?user=btoec6QAAAAJ&hl=en&oi=sra,"Professor, Tsinghua University"
https://scholar.google.com/citations?user=uF25ydEAAAAJ&hl=en&oi=sra,Duke University
https://scholar.google.com/citations?user=ME7fqOgAAAAJ&hl=en&oi=sra,Massachusetts Institute of Technology
https://scholar.google.com/citations?user=TIapXZQAAAAJ&hl=en&oi=sra,RWTH Aachen University
https://scholar.google.com/citations?user=rmET9UUAAAAJ&hl=en&oi=sra,"Tsinghua University, Zhipu AI"
https://scholar.google.com/citations?user=_3iS3B8AAAAJ&hl=en&oi=sra,Massachusetts Institute of Technology
https://scholar.google.com/citations?user=Rb0AerMAAAAJ&hl=en&oi=sra,University of Michigan
https://scholar.google.com/citations?user=VFGDcvoAAAAJ&hl=en&oi=sra,"Associate Professor, Computer Science, UCLA"
https://scholar.google.com/citations?user=h3FZ8vgAAAAJ&hl=en&oi=sra,Tsinghua University
https://scholar.google.com/citations?user=96lsfiUAAAAJ&hl=en&oi=sra,Yale University - Alma Mater Studiorum University of Bologna
https://scholar.google.com/citations?user=3pp18IYAAAAJ&hl=en&oi=sra,Duke University
https://scholar.google.com/citations?user=PI7rRV0AAAAJ&hl=en&oi=sra,Stanford University
https://scholar.google.com/citations?user=o5uDfHMAAAAJ&hl=en&oi=sra,Tsinghua University
https://scholar.google.com/citations?user=dXaFOeYAAAAJ&hl=en&oi=sra,清华大学
https://scholar.google.com/citations?user=hAkU_4cAAAAJ&hl=en&oi=sra,Massachusetts General Hospital
