author_name,author_link,author_h_index
X Liu,https://scholar.google.com/citations?user=VKI8EhUAAAAJ&hl=en&oi=sra,8
L Floridi,https://scholar.google.com/citations?user=jZdTOaoAAAAJ&hl=en&oi=sra,3
Z Hu,https://scholar.google.com/citations?user=x6ct1CsAAAAJ&hl=en&oi=sra,18
A Gandini,https://scholar.google.com/citations?user=1tALJj8AAAAJ&hl=en&oi=sra,4
J Liu,https://scholar.google.com/citations?user=W_Zyr0AAAAAJ&hl=en&oi=sra,9
B Bonet,https://scholar.google.com/citations?user=fyzG5LQAAAAJ&hl=en&oi=sra,12
K Ethayarajh,https://scholar.google.com/citations?user=7SUV6rQAAAAJ&hl=en&oi=sra,16
YK Choi,https://scholar.google.com/citations?user=L3xBe_4AAAAJ&hl=en&oi=sra,3
P Budzianowski,https://scholar.google.com/citations?user=sCia-GQAAAAJ&hl=en&oi=sra,18
B Ghojogh,https://scholar.google.com/citations?user=U8qAL-0AAAAJ&hl=en&oi=sra,7
M Zhang,https://scholar.google.com/citations?user=CncXH-YAAAAJ&hl=en&oi=sra,17
MO Topal,https://scholar.google.com/citations?user=AaGuopQAAAAJ&hl=en&oi=sra,4
A Hendy,https://scholar.google.com/citations?user=pWgrIMUAAAAJ&hl=en&oi=sra,8
Z Yang,https://scholar.google.com/citations?user=rP02ve8AAAAJ&hl=en&oi=sra,2
S Biderman,https://scholar.google.com/citations?user=bO7H0DAAAAAJ&hl=en&oi=sra,18
JS Lee,https://scholar.google.com/citations?user=5OYmeRYAAAAJ&hl=en&oi=sra,14
RG Harris,https://scholar.google.com/citations?user=YRriETUAAAAJ&hl=en&oi=sra,11
X Zheng,https://scholar.google.com/citations?user=HjQUrroAAAAJ&hl=en&oi=sra,8
M Forbes,https://scholar.google.com/citations?user=sF1vZ0oAAAAJ&hl=en&oi=sra,3
X Yang,https://scholar.google.com/citations?user=KnbFhnsAAAAJ&hl=en&oi=sra,7
APB Veyseh,https://scholar.google.com/citations?user=CrK5xTwAAAAJ&hl=en&oi=sra,10
BD Lund,https://scholar.google.com/citations?user=IGZZD-UAAAAJ&hl=en&oi=sra,2
R Dale,https://scholar.google.com/citations?user=QAH6nfQAAAAJ&hl=en&oi=sra,2
S Bubeck,https://scholar.google.com/citations?user=V2Y1L4sAAAAJ&hl=en&oi=sra,7
A Newhouse,https://scholar.google.com/citations?user=NLXqzpoAAAAJ&hl=en&oi=sra,13
D Ham,https://scholar.google.com/citations?user=5CPO_JgAAAAJ&hl=en&oi=sra,9
N Dehouche,https://scholar.google.com/citations?user=qRw_QI0AAAAJ&hl=en&oi=sra,14
A Lecler,https://scholar.google.com/citations?user=zaNleHgAAAAJ&hl=en&oi=sra,13
M Mager,https://scholar.google.com/citations?user=AtfatawAAAAJ&hl=en&oi=sra,15
M Binz,https://scholar.google.com/citations?user=Lvm9Q8QAAAAJ&hl=en&oi=sra,11
H Nori,https://scholar.google.com/citations?user=HmxjgMAAAAAJ&hl=en&oi=sra,2
C Li,https://scholar.google.com/citations?user=nXUS0gYAAAAJ&hl=en&oi=sra,13
K Elkins,https://scholar.google.com/citations?user=bUSgS6IAAAAJ&hl=en&oi=sra,4
B Moss,https://scholar.google.com/citations?user=--xLf1MAAAAJ&hl=en&oi=sra,6
B Peng,https://scholar.google.com/citations?user=u1CNjgwAAAAJ&hl=en&oi=sra,6
A Sobieszek,https://scholar.google.com/citations?user=8gYT9PsAAAAJ&hl=en&oi=sra,8
K Meng,https://scholar.google.com/citations?user=UcZbFroAAAAJ&hl=en&oi=sra,4
T Klein,https://scholar.google.com/citations?user=z7-L4ywAAAAJ&hl=en&oi=sra,8
L Lucy,https://scholar.google.com/citations?user=9IyAwc4AAAAJ&hl=en&oi=sra,15
Y Yang,https://scholar.google.com/citations?user=YAc3ekYAAAAJ&hl=en&oi=sra,2
C Zhang,https://scholar.google.com/citations?user=lvhxhyQAAAAJ&hl=en&oi=sra,16
T Goyal,https://scholar.google.com/citations?user=w72MSFoAAAAJ&hl=en&oi=sra,18
R Zhang,https://scholar.google.com/citations?user=YlL3xN4AAAAJ&hl=en&oi=sra,9
S Wang,https://scholar.google.com/citations?user=mN-IO6wAAAAJ&hl=en&oi=sra,7
L Siyao,https://scholar.google.com/citations?user=83WWEs4AAAAJ&hl=en&oi=sra,11
M Trajtenberg,https://scholar.google.com/citations?user=2KNasToAAAAJ&hl=en&oi=sra,19
S Rathje,https://scholar.google.com/citations?user=tw5jvawAAAAJ&hl=en&oi=sra,14
C Si,https://scholar.google.com/citations?user=CyKr1q8AAAAJ&hl=en&oi=sra,12
S Wu,https://scholar.google.com/citations?user=RJJLKR0AAAAJ&hl=en&oi=sra,15
J Boehm,https://scholar.google.com/citations?user=Lv-4d2wAAAAJ&hl=en&oi=sra,2
B Chintagunta,https://scholar.google.com/citations?user=N8TMU8AAAAAJ&hl=en&oi=sra,6
SS Biswas,https://scholar.google.com/citations?user=37CkqwcAAAAJ&hl=en&oi=sra,11
J Digutsch,https://scholar.google.com/citations?user=1LnhG8cAAAAJ&hl=en&oi=sra,6
P Lemaire,https://scholar.google.com/citations?user=_hfg7SsAAAAJ&hl=en&oi=sra,2
Y Liu,https://scholar.google.com/citations?user=W7mUggsAAAAJ&hl=en&oi=sra,5
DM Katz,https://scholar.google.com/citations?user=QmmExesAAAAJ&hl=en&oi=sra,17
Z Liu,https://scholar.google.com/citations?user=p8tAM0AAAAAJ&hl=en&oi=sra,3
W de Vries,https://scholar.google.com/citations?user=gZkWURYAAAAJ&hl=en&oi=sra,7
Y Jang,https://scholar.google.com/citations?user=6EoBBggAAAAJ&hl=en&oi=sra,16
D Dai,https://scholar.google.com/citations?user=8b-ysf0NWVoC&hl=en&oi=sra,11
T McIntosh,https://scholar.google.com/citations?user=P3gQW_0AAAAJ&hl=en&oi=sra,3
R Abdelghani,https://scholar.google.com/citations?user=L5WCl5MAAAAJ&hl=en&oi=sra,15
T Gong,https://scholar.google.com/citations?user=_JhW9D0AAAAJ&hl=en&oi=sra,8
B Krishnamachari,https://scholar.google.com/citations?user=JHJozAYAAAAJ&hl=en&oi=sra,11
B Ding,https://scholar.google.com/citations?user=Bp8u4lgAAAAJ&hl=en&oi=sra,2
D Johnson,https://scholar.google.com/citations?user=nY7zCx8AAAAJ&hl=en&oi=sra,12
M Bommarito II,https://scholar.google.com/citations?user=gIDHq_oAAAAJ&hl=en&oi=sra,11
S Nath,https://scholar.google.com/citations?user=VTJdm38AAAAJ&hl=en&oi=sra,13
Y Liu,https://scholar.google.com/citations?user=HxTr-CtMdrsC&hl=en&oi=sra,5
BJ Gutierrez,https://scholar.google.com/citations?user=GQ29DQsAAAAJ&hl=en&oi=sra,12
CE Haupt,https://scholar.google.com/citations?user=XcSsJFcAAAAJ&hl=en&oi=sra,17
AO Thunström,https://scholar.google.com/citations?user=F3KxSo8AAAAJ&hl=en&oi=sra,13
LC Adams,https://scholar.google.com/citations?user=n-AEUgsAAAAJ&hl=en&oi=sra,2
K Kheiri,https://scholar.google.com/citations?user=hy4NXVAAAAAJ&hl=en&oi=sra,2
M Firat,https://scholar.google.com/citations?user=PWLSSHsAAAAJ&hl=en&oi=sra,18
E Sezgin,https://scholar.google.com/citations?user=sAoz5GcAAAAJ&hl=en&oi=sra,19
A Tack,https://scholar.google.com/citations?user=dpcqhuIAAAAJ&hl=en&oi=sra,7
JW Allwood,https://scholar.google.com/citations?user=fgW6rV8AAAAJ&hl=en&oi=sra,5
S MacNeil,https://scholar.google.com/citations?user=leLEF3wAAAAJ&hl=en&oi=sra,2
I Trummer,https://scholar.google.com/citations?user=FJ7im7AAAAAJ&hl=en&oi=sra,18
C Stevenson,https://scholar.google.com/citations?user=nmT-EaUAAAAJ&hl=en&oi=sra,14
V Sorin,https://scholar.google.com/citations?user=4iEvDPUAAAAJ&hl=en&oi=sra,3
NMS Surameery,https://scholar.google.com/citations?user=3Kp8XWgAAAAJ&hl=en&oi=sra,18
H Liu,https://scholar.google.com/citations?user=vjmL_9UAAAAJ&hl=en&oi=sra,4
SD Mooney,https://scholar.google.com/citations?user=z39nPpYAAAAJ&hl=en&oi=sra,18
R Alexander,https://scholar.google.com/citations?user=RAtv8CAAAAAJ&hl=en&oi=sra,3
L Fröhling,https://scholar.google.com/citations?user=U6qDwf4AAAAJ&hl=en&oi=sra,2
D Haluza,https://scholar.google.com/citations?user=8bxg5X4AAAAJ&hl=en&oi=sra,3
CM Chiesa-Estomba,https://scholar.google.com/citations?user=Uimcm94AAAAJ&hl=en&oi=sra,11
A Madaan,https://scholar.google.com/citations?user=jW9ts2cAAAAJ&hl=en&oi=sra,17
Y Liao,https://scholar.google.com/citations?user=LzPznOEAAAAJ&hl=en&oi=sra,18
RW McGee,https://scholar.google.com/citations?user=bzM7eWoAAAAJ&hl=en&oi=sra,19
Y Hu,https://scholar.google.com/citations?user=mXN51X0AAAAJ&hl=en&oi=sra,6
JM Markel,https://scholar.google.com/citations?user=gCSOfKsAAAAJ&hl=en&oi=sra,5
A Zhou,https://scholar.google.com/citations?user=cC8lXi8AAAAJ&hl=en&oi=sra,19
N Muennighoff,https://scholar.google.com/citations?user=Me0IoRMAAAAJ&hl=en&oi=sra,10
R Ali,https://scholar.google.com/citations?user=5q2PkecAAAAJ&hl=en&oi=sra,2
C Zhang,https://scholar.google.com/citations?user=T5kpem0AAAAJ&hl=en&oi=sra,13
S Wang,https://scholar.google.com/citations?user=yOvhwa8AAAAJ&hl=en&oi=sra,15
J Reche,https://scholar.google.com/citations?user=9zD9arcAAAAJ&hl=en&oi=sra,16
A Egli,https://scholar.google.com/citations?user=5k9MvzQAAAAJ&hl=en&oi=sra,16
K Wang,https://scholar.google.com/citations?user=Y4bU0bwAAAAJ&hl=en&oi=sra,18
WJ Ko,https://scholar.google.com/citations?user=bwQkcQ8AAAAJ&hl=en&oi=sra,19
M Zheng,https://scholar.google.com/citations?user=u439xWYAAAAJ&hl=en&oi=sra,19
Y Papanikolaou,https://scholar.google.com/citations?user=Gdx6A_sAAAAJ&hl=en&oi=sra,3
R Mao,https://scholar.google.com/citations?user=s_JzI5kAAAAJ&hl=en&oi=sra,8
F Liu,https://scholar.google.com/citations?user=e0P54E4AAAAJ&hl=en&oi=sra,18
E Quaia,https://scholar.google.com/citations?user=b-uq5jIAAAAJ&hl=en&oi=sra,12
S Huber,https://scholar.google.com/citations?user=Fpr3RM8AAAAJ&hl=en&oi=sra,2
J Mao,https://scholar.google.com/citations?user=5S9eZbcAAAAJ&hl=en&oi=sra,7
S Gu,https://scholar.google.com/citations?user=knXkFDQAAAAJ&hl=en&oi=sra,11
Y Cao,https://scholar.google.com/citations?user=aLJ8_G4AAAAJ&hl=en&oi=sra,8
M Moradi,https://scholar.google.com/citations?user=M0MgdTAAAAAJ&hl=en&oi=sra,11
JC Lin,https://scholar.google.com/citations?user=cA8a6NwAAAAJ&hl=en&oi=sra,12
Y Wu,https://scholar.google.com/citations?user=uMAvnHkAAAAJ&hl=en&oi=sra,9
Z Sun,https://scholar.google.com/citations?user=5nEP4pQAAAAJ&hl=en&oi=sra,13
Y Shi,https://scholar.google.com/citations?user=e-3XAoAAAAAJ&hl=en&oi=sra,12
P Bongini,https://scholar.google.com/citations?user=PBn1kdUAAAAJ&hl=en&oi=sra,13
KK Chang,https://scholar.google.com/citations?user=Lp9MREUAAAAJ&hl=en&oi=sra,4
P Maddigan,https://scholar.google.com/citations?user=IHYB7nQAAAAJ&hl=en&oi=sra,5
K Abramski,https://scholar.google.com/citations?user=oFqyRvcAAAAJ&hl=en&oi=sra,10
OJ Luiten,https://scholar.google.com/citations?user=xbbVK6wAAAAJ&hl=en&oi=sra,14
H Kumar,https://scholar.google.com/citations?user=KUSuA4UAAAAJ&hl=en&oi=sra,19
EL Hill-Yardin,https://scholar.google.com/citations?user=OrfV8BUAAAAJ&hl=en&oi=sra,19
T Hagendorff,https://scholar.google.com/citations?user=GlhI8lQAAAAJ&hl=en&oi=sra,4
Z Zheng,https://scholar.google.com/citations?user=Mz2bKMMAAAAJ&hl=en&oi=sra,17
N Rossberg,https://scholar.google.com/citations?user=z9tkREQAAAAJ&hl=en&oi=sra,11
A Olmo,https://scholar.google.com/citations?user=qIYCV4sAAAAJ&hl=en&oi=sra,11
S Moore,https://scholar.google.com/citations?user=cYweVsQAAAAJ&hl=en&oi=sra,18
C Li,https://scholar.google.com/citations?user=muidx9UAAAAJ&hl=en&oi=sra,5
Q Lyu,https://scholar.google.com/citations?user=2oJmlPIAAAAJ&hl=en&oi=sra,15
JJ Bird,https://scholar.google.com/citations?user=fWFAQaUAAAAJ&hl=en&oi=sra,15
KR Tindall,https://scholar.google.com/citations?user=O6G7fr4AAAAJ&hl=en&oi=sra,5
K Lin,https://scholar.google.com/citations?user=LKSy1kwAAAAJ&hl=en&oi=sra,5
B Kompa,https://scholar.google.com/citations?user=8_Vb2k4AAAAJ&hl=en&oi=sra,6
SV Balkus,https://scholar.google.com/citations?user=wzuq_fcAAAAJ&hl=en&oi=sra,11
C Terwiesch,https://scholar.google.com/citations?user=IO6vsAoAAAAJ&hl=en&oi=sra,6
W Liang,https://scholar.google.com/citations?user=7z9P1jYAAAAJ&hl=en&oi=sra,17
F Sammani,https://scholar.google.com/citations?user=xxlAF58AAAAJ&hl=en&oi=sra,5
W Jiao,https://scholar.google.com/citations?user=CvtODukAAAAJ&hl=en&oi=sra,14
J Rodriguez,https://scholar.google.com/citations?user=xcVx3aIAAAAJ&hl=en&oi=sra,18
J Zhang,https://scholar.google.com/citations?user=R3O1gFYAAAAJ&hl=en&oi=sra,6
N Dey,https://scholar.google.com/citations?user=JHUfMr0AAAAJ&hl=en&oi=sra,19
M Maniparambil,https://scholar.google.com/citations?user=tCHi_7IAAAAJ&hl=en&oi=sra,9
M O'Brien,https://scholar.google.com/citations?user=H2fzU7QAAAAJ&hl=en&oi=sra,17
GM Calaf,https://scholar.google.com/citations?user=UA0rnLgAAAAJ&hl=en&oi=sra,6
C Cui,https://scholar.google.com/citations?user=V5X1gdAAAAAJ&hl=en&oi=sra,17
E Waisberg,https://scholar.google.com/citations?user=_-BXmxcAAAAJ&hl=en&oi=sra,13
W Lin,https://scholar.google.com/citations?user=4hMhIecAAAAJ&hl=en&oi=sra,9
A Edalati,https://scholar.google.com/citations?user=-iXSHbUAAAAJ&hl=en&oi=sra,3
M Nam,https://scholar.google.com/citations?user=UvBICfIAAAAJ&hl=en&oi=sra,16
M Lee,https://scholar.google.com/citations?user=QNtOrigAAAAJ&hl=en&oi=sra,17
C Wu,https://scholar.google.com/citations?user=ZLHTzHEAAAAJ&hl=en&oi=sra,15
J van Stegeren,https://scholar.google.com/citations?user=1rztobAAAAAJ&hl=en&oi=sra,2
RL Johnson,https://scholar.google.com/citations?user=tWgCP50AAAAJ&hl=en&oi=sra,18
J Savelka,https://scholar.google.com/citations?user=02Dvk88AAAAJ&hl=en&oi=sra,14
P Rivas,https://scholar.google.com/citations?user=kYfaCFMAAAAJ&hl=en&oi=sra,13
C Caucheteux,https://scholar.google.com/citations?user=qu7KObMAAAAJ&hl=en&oi=sra,11
Z Wan,https://scholar.google.com/citations?user=OH_1qwMAAAAJ&hl=en&oi=sra,11
JY Khan,https://scholar.google.com/citations?user=KKjX_J0AAAAJ&hl=en&oi=sra,19
S Meyer,https://scholar.google.com/citations?user=OIsvCZEAAAAJ&hl=en&oi=sra,3
A Farazouli,https://scholar.google.com/citations?user=bq99LOIAAAAJ&hl=en&oi=sra,19
Y Hu,https://scholar.google.com/citations?user=whpnkiQAAAAJ&hl=en&oi=sra,18
A Blair-Stanek,https://scholar.google.com/citations?user=WVs_zgsAAAAJ&hl=en&oi=sra,18
FE Oguz,https://scholar.google.com/citations?user=hzx1JPQAAAAJ&hl=en&oi=sra,6
J Brand,https://scholar.google.com/citations?user=g7P4j7oAAAAJ&hl=en&oi=sra,8
J Kasai,https://scholar.google.com/citations?user=nHCLoIwAAAAJ&hl=en&oi=sra,9
A Bhaskar,https://scholar.google.com/citations?user=TS0_Du0AAAAJ&hl=en&oi=sra,17
C Borchers,https://scholar.google.com/citations?user=v5yiJVAAAAAJ&hl=en&oi=sra,5
S Ateia,https://scholar.google.com/citations?user=v9y3rsgAAAAJ&hl=en&oi=sra,13
J Pereira,https://scholar.google.com/citations?user=kpdOUucAAAAJ&hl=en&oi=sra,8
P Hämäläinen,https://scholar.google.com/citations?user=i90uqXUAAAAJ&hl=en&oi=sra,10
M Pankiewicz,https://scholar.google.com/citations?user=q-Pj3eQAAAAJ&hl=en&oi=sra,19
V Božić,https://scholar.google.com/citations?user=888bEHYAAAAJ&hl=en&oi=sra,19
ZX Yong,https://scholar.google.com/citations?user=z6bOk-AAAAAJ&hl=en&oi=sra,2
A Singla,https://scholar.google.com/citations?user=kXz2seUAAAAJ&hl=en&oi=sra,10
Y Yuan,https://scholar.google.com/citations?user=cd-wSAsAAAAJ&hl=en&oi=sra,4
V Csuvik,https://scholar.google.com/citations?user=1Rxmr0cAAAAJ&hl=en&oi=sra,11
J Liu,https://scholar.google.com/citations?user=-T_UNHwAAAAJ&hl=en&oi=sra,12
G Betz,https://scholar.google.com/citations?user=EPjtT9cAAAAJ&hl=en&oi=sra,5
P Thangavel,https://scholar.google.com/citations?user=F4N5oCAAAAAJ&hl=en&oi=sra,7
W Xie,https://scholar.google.com/citations?user=3Cv0facAAAAJ&hl=en&oi=sra,11
P Niszczota,https://scholar.google.com/citations?user=VCQWzd4AAAAJ&hl=en&oi=sra,16
J Yang,https://scholar.google.com/citations?user=Cl9byD8AAAAJ&hl=en&oi=sra,6
SB Atallah,https://scholar.google.com/citations?user=xKUgOPoAAAAJ&hl=en&oi=sra,10
AR Ran,https://scholar.google.com/citations?user=kSMTEHYAAAAJ&hl=en&oi=sra,19
B Naismith,https://scholar.google.com/citations?user=4ldMyhMAAAAJ&hl=en&oi=sra,10
H Rashwan,https://scholar.google.com/citations?user=O723kNQAAAAJ&hl=en&oi=sra,4
AM Hasani,https://scholar.google.com/citations?user=bCtA-PsAAAAJ&hl=en&oi=sra,18
Z Yang,https://scholar.google.com/citations?user=RXXwBWIAAAAJ&hl=en&oi=sra,17
G Chalvatzaki,https://scholar.google.com/citations?user=mlho5FkAAAAJ&hl=en&oi=sra,7
X Hu,https://scholar.google.com/citations?user=SJgKdgMAAAAJ&hl=en&oi=sra,12
BM Wong,https://scholar.google.com/citations?user=z1Y9cksAAAAJ&hl=en&oi=sra,16
ETR Schneider,https://scholar.google.com/citations?user=iT84u2YAAAAJ&hl=en&oi=sra,11
Z Guan,https://scholar.google.com/citations?user=JmzhiYAAAAAJ&hl=en&oi=sra,10
Z Lin,https://scholar.google.com/citations?user=0Exo3FQAAAAJ&hl=en&oi=sra,6
M Hämäläinen,https://scholar.google.com/citations?user=uQ3O89IAAAAJ&hl=en&oi=sra,4
M Marquez,https://scholar.google.com/citations?user=NPlGTxwAAAAJ&hl=en&oi=sra,2
S Zheng,https://scholar.google.com/citations?user=c3ZV_s7leXQC&hl=en&oi=sra,5
S Venkatraman,https://scholar.google.com/citations?user=qrvxwt4AAAAJ&hl=en&oi=sra,6
R Kapoor,https://scholar.google.com/citations?user=8eJoJ0MAAAAJ&hl=en&oi=sra,18
M Singh,https://scholar.google.com/citations?user=kAW3RogAAAAJ&hl=en&oi=sra,16
X Zhang,https://scholar.google.com/citations?user=Bymi2YYAAAAJ&hl=en&oi=sra,8
G Beutel,https://scholar.google.com/citations?user=_0tb1MsAAAAJ&hl=en&oi=sra,16
S Zhang,https://scholar.google.com/citations?user=7RmLVQkAAAAJ&hl=en&oi=sra,13
X Li,https://scholar.google.com/citations?user=IqVxTDAAAAAJ&hl=en&oi=sra,12
M Leippold,https://scholar.google.com/citations?user=-Ta9boQAAAAJ&hl=en&oi=sra,13
JL Steele,https://scholar.google.com/citations?user=pIWNcIoAAAAJ&hl=en&oi=sra,7
H Shakeri,https://scholar.google.com/citations?user=iriAIgsAAAAJ&hl=en&oi=sra,14
M Park,https://scholar.google.com/citations?user=hZRH7hoAAAAJ&hl=en&oi=sra,3
M Grzes,https://scholar.google.com/citations?user=4uJBor0AAAAJ&hl=en&oi=sra,9
C GPT,https://scholar.google.com/citations?user=hbWoqb4AAAAJ&hl=en&oi=sra,2
AJ Tallón-Ballesteros,https://scholar.google.com/citations?user=tzFXro0AAAAJ&hl=en&oi=sra,15
H Hansen,https://scholar.google.com/citations?user=YDYCXxUAAAAJ&hl=en&oi=sra,6
Y Bilu,https://scholar.google.com/citations?user=BFVtEUQAAAAJ&hl=en&oi=sra,15
JM Warriem,https://scholar.google.com/citations?user=s3dQmDoAAAAJ&hl=en&oi=sra,10
GFCF Almeida,https://scholar.google.com/citations?user=8adeENwAAAAJ&hl=en&oi=sra,14
C Shaib,https://scholar.google.com/citations?user=pcuEwrsAAAAJ&hl=en&oi=sra,14
Y Sun,https://scholar.google.com/citations?user=KAWDTzsAAAAJ&hl=en&oi=sra,8
D Liga,https://scholar.google.com/citations?user=Vs7od3QAAAAJ&hl=en&oi=sra,8
S Saetta,https://scholar.google.com/citations?user=ILlwx2QAAAAJ&hl=en&oi=sra,8
R Bhayana,https://scholar.google.com/citations?user=KrRvoKEAAAAJ&hl=en&oi=sra,3
CT Lin,https://scholar.google.com/citations?user=CzhRlTAAAAAJ&hl=en&oi=sra,6
G Laflair,https://scholar.google.com/citations?user=QPU66QMAAAAJ&hl=en&oi=sra,13
C Li,https://scholar.google.com/citations?user=YK4Z9jMAAAAJ&hl=en&oi=sra,16
X Chen,https://scholar.google.com/citations?user=d2FVIngAAAAJ&hl=en&oi=sra,2
F Castellacci,https://scholar.google.com/citations?user=8bho1PQAAAAJ&hl=en&oi=sra,17
H Ali,https://scholar.google.com/citations?user=3sESNa8AAAAJ&hl=en&oi=sra,11
G Cazzato,https://scholar.google.com/citations?user=OF7Ck0YAAAAJ&hl=en&oi=sra,3
BD Oh,https://scholar.google.com/citations?user=61AeLAEAAAAJ&hl=en&oi=sra,14
G Spitale,https://scholar.google.com/citations?user=-zEPpkIAAAAJ&hl=en&oi=sra,10
P Zhou,https://scholar.google.com/citations?user=3dx8O1AAAAAJ&hl=en&oi=sra,2
N Oh,https://scholar.google.com/citations?user=b0OclDEAAAAJ&hl=en&oi=sra,19
YJ Lee,https://scholar.google.com/citations?user=8EgjKPUAAAAJ&hl=en&oi=sra,8
Y Liu,https://scholar.google.com/citations?user=tMDIrTkAAAAJ&hl=en&oi=sra,3
X Qi,https://scholar.google.com/citations?user=wtZFixkAAAAJ&hl=en&oi=sra,6
BP Cipriano,https://scholar.google.com/citations?user=ypA7urMAAAAJ&hl=en&oi=sra,8
K Chen,https://scholar.google.com/citations?user=SLJWhV0AAAAJ&hl=en&oi=sra,4
J Guo,https://scholar.google.com/citations?user=wQgPocEAAAAJ&hl=en&oi=sra,17
R Primi,https://scholar.google.com/citations?user=LBHrWsIAAAAJ&hl=en&oi=sra,18
Z Xiao,https://scholar.google.com/citations?user=MjkODLEAAAAJ&hl=en&oi=sra,7
A Koubaa,https://scholar.google.com/citations?user=aEoY-0IAAAAJ&hl=en&oi=sra,11
B Chen,https://scholar.google.com/citations?user=6rAetmwAAAAJ&hl=en&oi=sra,15
L Li,https://scholar.google.com/citations?user=HkwGSt4AAAAJ&hl=en&oi=sra,15
R Thapa,https://scholar.google.com/citations?user=H9FNWVcAAAAJ&hl=en&oi=sra,6
Z Yang,https://scholar.google.com/citations?user=zPVItDgAAAAJ&hl=en&oi=sra,9
Y Li,https://scholar.google.com/citations?user=U98QY0QAAAAJ&hl=en&oi=sra,7
AMA Ausat,https://scholar.google.com/citations?user=PG6x-IUAAAAJ&hl=en&oi=sra,2
H Rehana,https://scholar.google.com/citations?user=q6tQJu0AAAAJ&hl=en&oi=sra,8
H Wu,https://scholar.google.com/citations?user=2MKBB1IAAAAJ&hl=en&oi=sra,4
CG Healey,https://scholar.google.com/citations?user=dd1qLRcAAAAJ&hl=en&oi=sra,19
D Demırcı,https://scholar.google.com/citations?user=5EOe0jsAAAAJ&hl=en&oi=sra,12
Y Toyama,https://scholar.google.com/citations?user=rYuWMykAAAAJ&hl=en&oi=sra,4
H Tu,https://scholar.google.com/citations?user=hyFMd54AAAAJ&hl=en&oi=sra,12
V Bilicki,https://scholar.google.com/citations?user=idD3YZYAAAAJ&hl=en&oi=sra,9
P Li,https://scholar.google.com/citations?user=kL3PQuAAAAAJ&hl=en&oi=sra,10
R Oyama,https://scholar.google.com/citations?user=6c3_3L0AAAAJ&hl=en&oi=sra,3
L Wachowiak,https://scholar.google.com/citations?user=CqvC1uoAAAAJ&hl=en&oi=sra,11
H Lyu,https://scholar.google.com/citations?user=tPhwyYsAAAAJ&hl=en&oi=sra,4
H Wang,https://scholar.google.com/citations?user=k0jjQo8AAAAJ&hl=en&oi=sra,5
T Zhang,https://scholar.google.com/citations?user=Rki45F4AAAAJ&hl=en&oi=sra,9
F Ribeiro,https://scholar.google.com/citations?user=zTLXgZgAAAAJ&hl=en&oi=sra,9
CB Klein,https://scholar.google.com/citations?user=KunY808AAAAJ&hl=en&oi=sra,16
K Mahowald,https://scholar.google.com/citations?user=XUmFLVUAAAAJ&hl=en&oi=sra,11
KA Carpenter,https://scholar.google.com/citations?user=vA3YaaQAAAAJ&hl=en&oi=sra,10
X Song,https://scholar.google.com/citations?user=GIdNAzgAAAAJ&hl=en&oi=sra,10
D Bajaj,https://scholar.google.com/citations?user=7BuacbQAAAAJ&hl=en&oi=sra,5
I Paik,https://scholar.google.com/citations?user=9JkjCu4AAAAJ&hl=en&oi=sra,15
C Yu,https://scholar.google.com/citations?user=YISjXPwAAAAJ&hl=en&oi=sra,6
H Westermann,https://scholar.google.com/citations?user=rJvk-twAAAAJ&hl=en&oi=sra,8
S Mukherjee,https://scholar.google.com/citations?user=T4iBN5cAAAAJ&hl=en&oi=sra,3
JS Gąsior,https://scholar.google.com/citations?user=gCMmU54AAAAJ&hl=en&oi=sra,17
K Gupta,https://scholar.google.com/citations?user=QEFy_4wAAAAJ&hl=en&oi=sra,12
Y Abe,https://scholar.google.com/citations?user=-yDsQBMAAAAJ&hl=en&oi=sra,7
NA Akbar,https://scholar.google.com/citations?user=Ut6zVVUAAAAJ&hl=en&oi=sra,17
FXR Baskara,https://scholar.google.com/citations?user=zjO7_JQAAAAJ&hl=en&oi=sra,18
Z Liang,https://scholar.google.com/citations?user=4rKhF2AAAAAJ&hl=en&oi=sra,8
EH Mashalidis,https://scholar.google.com/citations?user=1rvrI3gAAAAJ&hl=en&oi=sra,12
T Zack,https://scholar.google.com/citations?user=CzOD0S4AAAAJ&hl=en&oi=sra,10
S Rana,https://scholar.google.com/citations?user=0k4ncGsAAAAJ&hl=en&oi=sra,16
M Stella,https://scholar.google.com/citations?user=TUJkCbkAAAAJ&hl=en&oi=sra,17
KM Jablonka,https://scholar.google.com/citations?user=R2ntI8IAAAAJ&hl=en&oi=sra,18
S Ouyang,https://scholar.google.com/citations?user=fetoihAAAAAJ&hl=en&oi=sra,11
T Lubiana,https://scholar.google.com/citations?user=_1bOZ5cAAAAJ&hl=en&oi=sra,16
R Gupta,https://scholar.google.com/citations?user=4chfmPkAAAAJ&hl=en&oi=sra,9
E Klang,https://scholar.google.com/citations?user=9_iF5CkAAAAJ&hl=en&oi=sra,11
MEG Beheitt,https://scholar.google.com/citations?user=agjxU0EAAAAJ&hl=en&oi=sra,19
A Agarwal,https://scholar.google.com/citations?user=L60wcKQAAAAJ&hl=en&oi=sra,8
SY Kim,https://scholar.google.com/citations?user=Ib2Z6uYAAAAJ&hl=en&oi=sra,2
H Allam,https://scholar.google.com/citations?user=Uxvu1l4AAAAJ&hl=en&oi=sra,4
J Oppenlaender,https://scholar.google.com/citations?user=ucO_QYQAAAAJ&hl=en&oi=sra,18
HS Heidenreich,https://scholar.google.com/citations?user=pwRTY1oAAAAJ&hl=en&oi=sra,19
K Galetta,https://scholar.google.com/citations?user=N2sPuGMAAAAJ&hl=en&oi=sra,18
A Sukhanovskii,https://scholar.google.com/citations?user=PfV-tZQAAAAJ&hl=en&oi=sra,6
M Mumtarin,https://scholar.google.com/citations?user=SS4UDDwAAAAJ&hl=en&oi=sra,16
D Wang,https://scholar.google.com/citations?user=dasL9V4AAAAJ&hl=en&oi=sra,9
T Phillips,https://scholar.google.com/citations?user=WQMUXNYAAAAJ&hl=en&oi=sra,9
J Ye,https://scholar.google.com/citations?user=4uSMG9kAAAAJ&hl=en&oi=sra,2
PP Ray,https://scholar.google.com/citations?user=ioplfagAAAAJ&hl=en&oi=sra,7
S Cohen,https://scholar.google.com/citations?user=gv_yHeoAAAAJ&hl=en&oi=sra,6
J Samuel,https://scholar.google.com/citations?user=5X-GmZUAAAAJ&hl=en&oi=sra,18
J Wang,https://scholar.google.com/citations?user=qQuxuo0AAAAJ&hl=en&oi=sra,19
GG Lee,https://scholar.google.com/citations?user=teKteNgAAAAJ&hl=en&oi=sra,11
RA Poldrack,https://scholar.google.com/citations?user=RbmLvDIAAAAJ&hl=en&oi=sra,11
SN Kirshner,https://scholar.google.com/citations?user=V23J4-oAAAAJ&hl=en&oi=sra,10
M Del,https://scholar.google.com/citations?user=EbtrluQAAAAJ&hl=en&oi=sra,14
S Upadhyay,https://scholar.google.com/citations?user=9K6ct_QAAAAJ&hl=en&oi=sra,5
J De la Rosa,https://scholar.google.com/citations?user=31VBFVIAAAAJ&hl=en&oi=sra,11
P Carlbring,https://scholar.google.com/citations?user=qOalWZMAAAAJ&hl=en&oi=sra,8
S Zhong,https://scholar.google.com/citations?user=2DMLucQAAAAJ&hl=en&oi=sra,17
L Seenivasan,https://scholar.google.com/citations?user=btxQyh8AAAAJ&hl=en&oi=sra,7
CY Su,https://scholar.google.com/citations?user=L-wLX9MAAAAJ&hl=en&oi=sra,11
C Sun,https://scholar.google.com/citations?user=e46WeckAAAAJ&hl=en&oi=sra,10
J Zhang,https://scholar.google.com/citations?user=5UA6Z5cAAAAJ&hl=en&oi=sra,6
DYZ Lim,https://scholar.google.com/citations?user=Fu18jb8AAAAJ&hl=en&oi=sra,11
S Hamilton,https://scholar.google.com/citations?user=dn6wkPAAAAAJ&hl=en&oi=sra,18
G Currie,https://scholar.google.com/citations?user=4Qy2mmoAAAAJ&hl=en&oi=sra,13
SS Kalakonda,https://scholar.google.com/citations?user=UZFRvhgAAAAJ&hl=en&oi=sra,14
K Węcel,https://scholar.google.com/citations?user=5r4RoLwAAAAJ&hl=en&oi=sra,10
J Kim,https://scholar.google.com/citations?user=_RlvZvsAAAAJ&hl=en&oi=sra,10
A Chworos,https://scholar.google.com/citations?user=-d9RDqAAAAAJ&hl=en&oi=sra,6
D Jungwirth,https://scholar.google.com/citations?user=t11ipfQAAAAJ&hl=en&oi=sra,4
H Jiang,https://scholar.google.com/citations?user=9qvTNQ4AAAAJ&hl=en&oi=sra,9
AA Irissappane,https://scholar.google.com/citations?user=WHQfm8MAAAAJ&hl=en&oi=sra,9
HE Farrell,https://scholar.google.com/citations?user=Qzy3BioAAAAJ&hl=en&oi=sra,14
G Adams,https://scholar.google.com/citations?user=ZxKRzugAAAAJ&hl=en&oi=sra,11
A Shibani,https://scholar.google.com/citations?user=SVG9yN4AAAAJ&hl=en&oi=sra,11
AY Sun,https://scholar.google.com/citations?user=1BNAKBwAAAAJ&hl=en&oi=sra,6
Y Chen,https://scholar.google.com/citations?user=YRYmr8cAAAAJ&hl=en&oi=sra,9
Y Anand,https://scholar.google.com/citations?user=7ccrYowAAAAJ&hl=en&oi=sra,17
L Zhou,https://scholar.google.com/citations?user=rZC0ux0AAAAJ&hl=en&oi=sra,14
Y Totsuka,https://scholar.google.com/citations?user=iCkYfHEAAAAJ&hl=en&oi=sra,15
E Davis,https://scholar.google.com/citations?user=tLO-x-IAAAAJ&hl=en&oi=sra,6
X Zhang,https://scholar.google.com/citations?user=EuA-QMsAAAAJ&hl=en&oi=sra,6
W Hou,https://scholar.google.com/citations?user=1wVQpBUAAAAJ&hl=en&oi=sra,18
H Gimpel,https://scholar.google.com/citations?user=931NpjQAAAAJ&hl=en&oi=sra,11
JD Freedman,https://scholar.google.com/citations?user=LuxvhgcAAAAJ&hl=en&oi=sra,14
A Gulli,https://scholar.google.com/citations?user=wfiEFPQAAAAJ&hl=en&oi=sra,16
D Truhn,https://scholar.google.com/citations?user=dlbH2gMAAAAJ&hl=en&oi=sra,9
X Li,https://scholar.google.com/citations?user=F7B1QQsAAAAJ&hl=en&oi=sra,8
AI Alam,https://scholar.google.com/citations?user=1ufgax0AAAAJ&hl=en&oi=sra,3
L Wen,https://scholar.google.com/citations?user=RNnjXTkAAAAJ&hl=en&oi=sra,7
CA Mallio,https://scholar.google.com/citations?user=TUDASSYAAAAJ&hl=en&oi=sra,18
G Ganapathy,https://scholar.google.com/citations?user=CQjmT0oAAAAJ&hl=en&oi=sra,15
A Vetagiri,https://scholar.google.com/citations?user=yTkR29UAAAAJ&hl=en&oi=sra,10
M Lorandi,https://scholar.google.com/citations?user=USpEfyQAAAAJ&hl=en&oi=sra,7
P Singh,https://scholar.google.com/citations?user=Pg36s_QAAAAJ&hl=en&oi=sra,16
T Ganu,https://scholar.google.com/citations?user=uU9COWkAAAAJ&hl=en&oi=sra,8
R Rosa,https://scholar.google.com/citations?user=LZlPeSwAAAAJ&hl=en&oi=sra,9
D Stammbach,https://scholar.google.com/citations?user=J6RHVgYAAAAJ&hl=en&oi=sra,19
J Liu,https://scholar.google.com/citations?user=aYiEdlsAAAAJ&hl=en&oi=sra,14
D Lande,https://scholar.google.com/citations?user=6VY4hNQAAAAJ&hl=en&oi=sra,19
S Wu,https://scholar.google.com/citations?user=Z7Ul8jUAAAAJ&hl=en&oi=sra,11
JL Espejel,https://scholar.google.com/citations?user=aJ5A8hsAAAAJ&hl=en&oi=sra,6
Y Zheng,https://scholar.google.com/citations?user=0DqJ8eIAAAAJ&hl=en&oi=sra,8
M Chiriatti,https://scholar.google.com/citations?user=w0mOWw4AAAAJ&hl=en&oi=sra,10
Y Dong,https://scholar.google.com/citations?user=dZJy8_8AAAAJ&hl=en&oi=sra,14
D Shen,https://scholar.google.com/citations?user=3gcG6RgAAAAJ&hl=en&oi=sra,17
H Geffner,https://scholar.google.com/citations?user=Wd0CDmcAAAAJ&hl=en&oi=sra,6
HS Im,https://scholar.google.com/citations?user=g-btJGAAAAAJ&hl=en&oi=sra,2
I Vulić,https://scholar.google.com/citations?user=ZX8js60AAAAJ&hl=en&oi=sra,17
A Ghodsi,https://scholar.google.com/citations?user=WXbhp_4AAAAJ&hl=en&oi=sra,15
A Bas,https://scholar.google.com/citations?user=vyuk0KkAAAAJ&hl=en&oi=sra,9
M Abdelrehim,https://scholar.google.com/citations?user=NVE0JSoAAAAJ&hl=en&oi=sra,17
Z Gan,https://scholar.google.com/citations?user=E64XWyMAAAAJ&hl=en&oi=sra,13
E Hallahan,https://scholar.google.com/citations?user=esdWNfcAAAAJ&hl=en&oi=sra,18
J Hsiang,https://scholar.google.com/citations?user=Rxg0ObMAAAAJ&hl=en&oi=sra,3
C Zhang,https://scholar.google.com/citations?user=NeCCx-kAAAAJ&hl=en&oi=sra,3
R Koncel-Kedziorski,https://scholar.google.com/citations?user=7oJZmG0AAAAJ&hl=en&oi=sra,16
C Tanner,https://scholar.google.com/citations?user=FmXNcCoAAAAJ&hl=en&oi=sra,5
V Lai,https://scholar.google.com/citations?user=TtxmNccAAAAJ&hl=en&oi=sra,6
T Wang,https://scholar.google.com/citations?user=G6WnomcAAAAJ&hl=en&oi=sra,5
V Chandrasekaran,https://scholar.google.com/citations?user=Sl7nSOsAAAAJ&hl=en&oi=sra,8
JG Lee,https://scholar.google.com/citations?user=EZN-yecAAAAJ&hl=en&oi=sra,17
P Soyer,https://scholar.google.com/citations?user=VLXsZXQAAAAJ&hl=en&oi=sra,18
RF Astudillo,https://scholar.google.com/citations?user=zJ4uM00AAAAJ&hl=en&oi=sra,5
E Schulz,https://scholar.google.com/citations?user=74Cj5GYAAAAJ&hl=en&oi=sra,11
SM McKinney,https://scholar.google.com/citations?user=DJnHEKwAAAAJ&hl=en&oi=sra,10
M Zhang,https://scholar.google.com/citations?user=98vX7S8AAAAJ&hl=en&oi=sra,8
J Chun,https://scholar.google.com/citations?user=l-iUHQMAAAAJ&hl=en&oi=sra,2
C Li,https://scholar.google.com/citations?user=Zd7WmXUAAAAJ&hl=en&oi=sra,2
T Price,https://scholar.google.com/citations?user=cKiuYgUAAAAJ&hl=en&oi=sra,11
D Bau,https://scholar.google.com/citations?user=CYI6cKgAAAAJ&hl=en&oi=sra,7
M Nabi,https://scholar.google.com/citations?user=31seHAMAAAAJ&hl=en&oi=sra,14
D Bamman,https://scholar.google.com/citations?user=RkA1y54AAAAJ&hl=en&oi=sra,2
X Quan,https://scholar.google.com/citations?user=dRpg4t8AAAAJ&hl=en&oi=sra,2
C Zhang,https://scholar.google.com/citations?user=HbqjLHYAAAAJ&hl=en&oi=sra,3
L Li,https://scholar.google.com/citations?user=WR875gYAAAAJ&hl=en&oi=sra,19
JJ Li,https://scholar.google.com/citations?user=tJGm3-YAAAAJ&hl=en&oi=sra,4
B He,https://scholar.google.com/citations?user=1cH0A9cAAAAJ&hl=en&oi=sra,15
T Gu,https://scholar.google.com/citations?user=zWL2qoUAAAAJ&hl=en&oi=sra,12
DM Mirea,https://scholar.google.com/citations?user=P5DmhngAAAAJ&hl=en&oi=sra,3
H Fei,https://scholar.google.com/citations?user=YGDX46AAAAAJ&hl=en&oi=sra,18
M Kosinski,https://scholar.google.com/citations?user=01-XV0YAAAAJ&hl=en&oi=sra,12
X Yu,https://scholar.google.com/citations?user=Kc1FjToAAAAJ&hl=en&oi=sra,9
M Nissim,https://scholar.google.com/citations?user=hnTpEOAAAAAJ&hl=en&oi=sra,8
J Lee,https://scholar.google.com/citations?user=rFcK8EEAAAAJ&hl=en&oi=sra,13
Y Sun,https://scholar.google.com/citations?user=apGDooYAAAAJ&hl=en&oi=sra,6
T Liu,https://scholar.google.com/citations?user=B3ASjRcAAAAJ&hl=en&oi=sra,12
YH Wang,https://scholar.google.com/citations?user=uBfaWHgAAAAJ&hl=en&oi=sra,5
C Lyu,https://scholar.google.com/citations?user=kV3WvXcAAAAJ&hl=en&oi=sra,5
C Qin,https://scholar.google.com/citations?user=OwBrmXwAAAAJ&hl=en&oi=sra,2
R Goodman,https://scholar.google.com/citations?user=m77by5QAAAAJ&hl=en&oi=sra,3
E Korot,https://scholar.google.com/citations?user=TH31H3sAAAAJ&hl=en&oi=sra,2
D Iter,https://scholar.google.com/citations?user=bg8RrSkAAAAJ&hl=en&oi=sra,8
N McNeal,https://scholar.google.com/citations?user=IcKBHbwAAAAJ&hl=en&oi=sra,4
M Marks,https://scholar.google.com/citations?user=z2Jb7aoAAAAJ&hl=en&oi=sra,8
H Karimi,https://scholar.google.com/citations?user=Qz9CCdwAAAAJ&hl=en&oi=sra,4
J Sirrianni,https://scholar.google.com/citations?user=j7lrHoMAAAAJ&hl=en&oi=sra,6
C Piech,https://scholar.google.com/citations?user=fpT49d8AAAAJ&hl=en&oi=sra,4
YUN Xu,https://scholar.google.com/citations?user=Sr21_zYAAAAJ&hl=en&oi=sra,9
A Tran,https://scholar.google.com/citations?user=t9TUznoAAAAJ&hl=en&oi=sra,7
L Dong,https://scholar.google.com/citations?user=wEfQgPgAAAAJ&hl=en&oi=sra,3
M Baas,https://scholar.google.com/citations?user=v-19VOwAAAAJ&hl=en&oi=sra,4
A Vaid,https://scholar.google.com/citations?user=zYkgms4AAAAJ&hl=en&oi=sra,17
MY Shakor,https://scholar.google.com/citations?user=x9OpZFAAAAAJ&hl=en&oi=sra,19
R Ning,https://scholar.google.com/citations?user=C_WZIIYAAAAJ&hl=en&oi=sra,13
A Zubiaga,https://scholar.google.com/citations?user=IUb-xxMAAAAJ&hl=en&oi=sra,19
LA Vaira,https://scholar.google.com/citations?user=AU6-UTcAAAAJ&hl=en&oi=sra,14
N Tandon,https://scholar.google.com/citations?user=9uWuZkUAAAAJ&hl=en&oi=sra,18
Y Wang,https://scholar.google.com/citations?user=x-UYeJ4AAAAJ&hl=en&oi=sra,17
H Hua,https://scholar.google.com/citations?user=K9aLTwUAAAAJ&hl=en&oi=sra,4
JA Landay,https://scholar.google.com/citations?user=oQsObk0AAAAJ&hl=en&oi=sra,4
K Wang,https://scholar.google.com/citations?user=woY4bS8AAAAJ&hl=en&oi=sra,3
OY Tang,https://scholar.google.com/citations?user=0xqWcJwAAAAJ&hl=en&oi=sra,9
J Lu,https://scholar.google.com/citations?user=KoEvjo0AAAAJ&hl=en&oi=sra,19
X Sun,https://scholar.google.com/citations?user=hIokU_IAAAAJ&hl=en&oi=sra,4
A Variengien,https://scholar.google.com/citations?user=BQOwWG8AAAAJ&hl=en&oi=sra,15
X Su,https://scholar.google.com/citations?user=7OMxmYcAAAAJ&hl=en&oi=sra,5
A Pierleoni,https://scholar.google.com/citations?user=4qU3GDIAAAAJ&hl=en&oi=sra,16
G Chen,https://scholar.google.com/citations?user=wt7-UUYAAAAJ&hl=en&oi=sra,19
T Guan,https://scholar.google.com/citations?user=_7mX21UAAAAJ&hl=en&oi=sra,13
T Übellacker,https://scholar.google.com/citations?user=EhzjUuAAAAAJ&hl=en&oi=sra,9
H Zhao,https://scholar.google.com/citations?user=DmahiOYAAAAJ&hl=en&oi=sra,6
G Ni,https://scholar.google.com/citations?user=y2nrlAwAAAAJ&hl=en&oi=sra,8
X Xu,https://scholar.google.com/citations?user=3Ifn2DoAAAAJ&hl=en&oi=sra,8
K Blagec,https://scholar.google.com/citations?user=zDwmXigAAAAJ&hl=en&oi=sra,7
DN Younessi,https://scholar.google.com/citations?user=89ud6HgAAAAJ&hl=en&oi=sra,18
H Yang,https://scholar.google.com/citations?user=VITFJCsAAAAJ&hl=en&oi=sra,9
L Tang,https://scholar.google.com/citations?user=P3dSamwAAAAJ&hl=en&oi=sra,16
D Peng,https://scholar.google.com/citations?user=6zNgcjAAAAAJ&hl=en&oi=sra,19
F Becattini,https://scholar.google.com/citations?user=t0sXvkAAAAAJ&hl=en&oi=sra,14
S Soni,https://scholar.google.com/citations?user=_OzUlMkAAAAJ&hl=en&oi=sra,15
T Susnjak,https://scholar.google.com/citations?user=YKWc0T8AAAAJ&hl=en&oi=sra,14
S Citraro,https://scholar.google.com/citations?user=G5KCw3YAAAAJ&hl=en&oi=sra,7
I Musabirov,https://scholar.google.com/citations?user=coQ-71sAAAAJ&hl=en&oi=sra,17
MR Hutchinson,https://scholar.google.com/citations?user=nmm3MyIAAAAJ&hl=en&oi=sra,13
S Fabi,https://scholar.google.com/citations?user=6gHzym4AAAAJ&hl=en&oi=sra,16
N Rampal,https://scholar.google.com/citations?user=ujHDA34AAAAJ&hl=en&oi=sra,19
B Kleinberg,https://scholar.google.com/citations?user=Ms2d7OsAAAAJ&hl=en&oi=sra,4
S Sreedharan,https://scholar.google.com/citations?user=zriD7s8AAAAJ&hl=en&oi=sra,8
HA Nguyen,https://scholar.google.com/citations?user=lk5kgzcAAAAJ&hl=en&oi=sra,4
J Ponnatapuram,https://scholar.google.com/citations?user=DXGexLoAAAAJ&hl=en&oi=sra,14
M Pritchard,https://scholar.google.com/citations?user=ilYFF7MAAAAJ&hl=en&oi=sra,8
F Ahmed,https://scholar.google.com/citations?user=laKl8acAAAAJ&hl=en&oi=sra,5
M Yuksekgonul,https://scholar.google.com/citations?user=s_zrmzUAAAAJ&hl=en&oi=sra,13
T Mukherjee,https://scholar.google.com/citations?user=hZ_qeiEAAAAJ&hl=en&oi=sra,13
W Wang,https://scholar.google.com/citations?user=4v5x0bUAAAAJ&hl=en&oi=sra,8
D Gros,https://scholar.google.com/citations?user=E7f0T_QAAAAJ&hl=en&oi=sra,16
X Cun,https://scholar.google.com/citations?user=p42qwXcAAAAJ&hl=en&oi=sra,3
S López,https://scholar.google.com/citations?user=q9AbIQgAAAAJ&hl=en&oi=sra,6
SA Ghandhi,https://scholar.google.com/citations?user=TcU1Iu4AAAAJ&hl=en&oi=sra,5
Y Zhou,https://scholar.google.com/citations?user=6KltFMAAAAAJ&hl=en&oi=sra,4
J Ong,https://scholar.google.com/citations?user=7OgWx3YAAAAJ&hl=en&oi=sra,6
BH Tseng,https://scholar.google.com/citations?user=KJkTFEQAAAAJ&hl=en&oi=sra,6
M Tahaei,https://scholar.google.com/citations?user=i1ZWWjEAAAAJ&hl=en&oi=sra,12
S Park,https://scholar.google.com/citations?user=FfWfWiAAAAAJ&hl=en&oi=sra,13
W Lin,https://scholar.google.com/citations?user=Ka57qcUAAAAJ&hl=en&oi=sra,6
G Pistilli,https://scholar.google.com/citations?user=PEjoN0wAAAAJ&hl=en&oi=sra,18
A Gramfort,https://scholar.google.com/citations?user=fhxshS0AAAAJ&hl=en&oi=sra,14
F Cheng,https://scholar.google.com/citations?user=LlRE2jAAAAAJ&hl=en&oi=sra,6
G Uddin,https://scholar.google.com/citations?user=6GXJI08AAAAJ&hl=en&oi=sra,17
D Elsweiler,https://scholar.google.com/citations?user=njEJE3oAAAAJ&hl=en&oi=sra,13
T Cerratto-Pargman,https://scholar.google.com/citations?user=YodZyBEAAAAJ&hl=en&oi=sra,2
G Mai,https://scholar.google.com/citations?user=X2Wfl1UAAAAJ&hl=en&oi=sra,17
KM Sunnetci,https://scholar.google.com/citations?user=sR-o217_7K8C&hl=en&oi=sra,12
A Israeli,https://scholar.google.com/citations?user=IwCU_PAAAAAJ&hl=en&oi=sra,19
K Sakaguchi,https://scholar.google.com/citations?user=6CRBF-MAAAAJ&hl=en&oi=sra,16
AR Fabbri,https://scholar.google.com/citations?user=DknNWHkAAAAJ&hl=en&oi=sra,13
DS Gala,https://scholar.google.com/citations?user=NXPB3X0AAAAJ&hl=en&oi=sra,11
S Steingrimsson,https://scholar.google.com/citations?user=UingtQYAAAAJ&hl=en&oi=sra,15
U Kruschwitz,https://scholar.google.com/citations?user=ZCaIF_wAAAAJ&hl=en&oi=sra,15
R Fidalgo,https://scholar.google.com/citations?user=0-wmNIMAAAAJ&hl=en&oi=sra,13
RS Baker,https://scholar.google.com/citations?user=hvs8PEoAAAAJ&hl=en&oi=sra,7
C Menghini,https://scholar.google.com/citations?user=TDk55OQAAAAJ&hl=en&oi=sra,12
L Vidács,https://scholar.google.com/citations?user=E-Ojz64AAAAJ&hl=en&oi=sra,2
W Lu,https://scholar.google.com/citations?user=vtTFCCQAAAAJ&hl=en&oi=sra,6
K Richardson,https://scholar.google.com/citations?user=LmJN-n4AAAAJ&hl=en&oi=sra,19
C Liu,https://scholar.google.com/citations?user=IvOlenIAAAAJ&hl=en&oi=sra,8
H Zhang,https://scholar.google.com/citations?user=B8hPxMQAAAAJ&hl=en&oi=sra,14
TX Nguyen,https://scholar.google.com/citations?user=jISeSq0AAAAJ&hl=en&oi=sra,16
P Mulcaire,https://scholar.google.com/citations?user=GIXbxZAAAAAJ&hl=en&oi=sra,8
S Singh,https://scholar.google.com/citations?user=uFAs9aEAAAAJ&hl=en&oi=sra,9
Z Yao,https://scholar.google.com/citations?user=oVYZ904AAAAJ&hl=en&oi=sra,8
A Younes,https://scholar.google.com/citations?user=KQBJ4pYAAAAJ&hl=en&oi=sra,5
JVA de Souza,https://scholar.google.com/citations?user=faNC_FoAAAAJ&hl=en&oi=sra,9
Z Wu,https://scholar.google.com/citations?user=RMvoE4sAAAAJ&hl=en&oi=sra,14
Y Huang,https://scholar.google.com/citations?user=ptcJKecAAAAJ&hl=en&oi=sra,13
K Alnajjar,https://scholar.google.com/citations?user=y4DW-KoAAAAJ&hl=en&oi=sra,10
S Kambhampati,https://scholar.google.com/citations?user=yl3L07sAAAAJ&hl=en&oi=sra,15
Y Zhang,https://scholar.google.com/citations?user=TIC2ujUAAAAJ&hl=en&oi=sra,15
A Uchendu,https://scholar.google.com/citations?user=A4be1l4AAAAJ&hl=en&oi=sra,3
V SB,https://scholar.google.com/citations?user=_GJ1x44AAAAJ&hl=en&oi=sra,18
Y Lu,https://scholar.google.com/citations?user=pcmr6GMAAAAJ&hl=en&oi=sra,2
C Gong,https://scholar.google.com/citations?user=AscakBgAAAAJ&hl=en&oi=sra,11
Y Li,https://scholar.google.com/citations?user=C8bN8dEAAAAJ&hl=en&oi=sra,11
C Neustaedter,https://scholar.google.com/citations?user=krQJJwIAAAAJ&hl=en&oi=sra,11
M Nagel,https://scholar.google.com/citations?user=akNuBBEAAAAJ&hl=en&oi=sra,11
F Goes,https://scholar.google.com/citations?user=Jn93q3YAAAAJ&hl=en&oi=sra,19
MN Hebart,https://scholar.google.com/citations?user=Q-n9_FgAAAAJ&hl=en&oi=sra,17
E Cohen-Karlik,https://scholar.google.com/citations?user=tWI9Pw8AAAAJ&hl=en&oi=sra,16
JL Nunes,https://scholar.google.com/citations?user=8V-ZZZEAAAAJ&hl=en&oi=sra,12
ML Li,https://scholar.google.com/citations?user=UZ1gBvAAAAAJ&hl=en&oi=sra,14
D Wu,https://scholar.google.com/citations?user=WtO-bN8AAAAJ&hl=en&oi=sra,11
Y Li,https://scholar.google.com/citations?user=sfEPWiAAAAAJ&hl=en&oi=sra,7
L Robaldo,https://scholar.google.com/citations?user=QJokx7YAAAAJ&hl=en&oi=sra,16
L Tiacci,https://scholar.google.com/citations?user=sgA1zJAAAAAJ&hl=en&oi=sra,7
RR Bleakney,https://scholar.google.com/citations?user=8q9w9sUAAAAJ&hl=en&oi=sra,19
A Verardi,https://scholar.google.com/citations?user=M2QLuPYAAAAJ&hl=en&oi=sra,8
T Cohen,https://scholar.google.com/citations?user=mWmmDMwAAAAJ&hl=en&oi=sra,2
F Arezzo,https://scholar.google.com/citations?user=J35nhUcAAAAJ&hl=en&oi=sra,14
F Germani,https://scholar.google.com/citations?user=bM66AlYAAAAJ&hl=en&oi=sra,4
M Cao,https://scholar.google.com/citations?user=ZRbRQ0cAAAAJ&hl=en&oi=sra,18
HJ Choi,https://scholar.google.com/citations?user=fwAarOoAAAAJ&hl=en&oi=sra,12
Z Zhang,https://scholar.google.com/citations?user=YqLYYe0AAAAJ&hl=en&oi=sra,2
P Alves,https://scholar.google.com/citations?user=pZ205ZAAAAAJ&hl=en&oi=sra,7
A Shao,https://scholar.google.com/citations?user=0523fg0AAAAJ&hl=en&oi=sra,14
B Yang,https://scholar.google.com/citations?user=fAxE9bwAAAAJ&hl=en&oi=sra,17
R Pires,https://scholar.google.com/citations?user=ZVgyp7AAAAAJ&hl=en&oi=sra,9
X Yuan,https://scholar.google.com/citations?user=dS3LulEAAAAJ&hl=en&oi=sra,7
S Hassani,https://scholar.google.com/citations?user=-nnVadsAAAAJ&hl=en&oi=sra,19
JM Banda,https://scholar.google.com/citations?user=lCgSjYAAAAAJ&hl=en&oi=sra,4
M Ding,https://scholar.google.com/citations?user=Va50YzkAAAAJ&hl=en&oi=sra,19
A Zhong,https://scholar.google.com/citations?user=pG5Zz4kAAAAJ&hl=en&oi=sra,10
L Wang,https://scholar.google.com/citations?user=r1ctChkAAAAJ&hl=en&oi=sra,8
B Massang,https://scholar.google.com/citations?user=rIGhfU0AAAAJ&hl=en&oi=sra,6
NB Çam,https://scholar.google.com/citations?user=Xdp4o5EAAAAJ&hl=en&oi=sra,13
C Acarturk,https://scholar.google.com/citations?user=ylBsyVcAAAAJ&hl=en&oi=sra,7
Z Yang,https://scholar.google.com/citations?user=jQ8vpPkAAAAJ&hl=en&oi=sra,4
D Gromann,https://scholar.google.com/citations?user=0GoPTqsAAAAJ&hl=en&oi=sra,3
J Huang,https://scholar.google.com/citations?user=2t7iBnkAAAAJ&hl=en&oi=sra,8
Y Gao,https://scholar.google.com/citations?user=AwoB-SwAAAAJ&hl=en&oi=sra,6
T Feng,https://scholar.google.com/citations?user=p7oF-XIAAAAJ&hl=en&oi=sra,15
JNC de Macedo,https://scholar.google.com/citations?user=WvVYe_0AAAAJ&hl=en&oi=sra,18
RB Altman,https://scholar.google.com/citations?user=s6XjtCMAAAAJ&hl=en&oi=sra,15
Y Xu,https://scholar.google.com/citations?user=AJza7rIAAAAJ&hl=en&oi=sra,10
A Goel,https://scholar.google.com/citations?user=3Q68CjYAAAAJ&hl=en&oi=sra,9
X Liu,https://scholar.google.com/citations?user=qxNzQfQAAAAJ&hl=en&oi=sra,8
A Jordanous,https://scholar.google.com/citations?user=0OnhovsAAAAJ&hl=en&oi=sra,11
A Mitra,https://scholar.google.com/citations?user=ItxA4esAAAAJ&hl=en&oi=sra,19
J Łaba,https://scholar.google.com/citations?user=TUuSntYAAAAJ&hl=en&oi=sra,10
A Mukherjee,https://scholar.google.com/citations?user=2Ypmp4YAAAAJ&hl=en&oi=sra,11
K Nagasaki,https://scholar.google.com/citations?user=78e7r2IAAAAJ&hl=en&oi=sra,4
I Darmayanti,https://scholar.google.com/citations?user=wwKwgPMAAAAJ&hl=en&oi=sra,2
W Yu,https://scholar.google.com/citations?user=fBu11ZoAAAAJ&hl=en&oi=sra,8
SY Lee,https://scholar.google.com/citations?user=mw1nly0AAAAJ&hl=en&oi=sra,19
E Lehman,https://scholar.google.com/citations?user=dmmIl0IAAAAJ&hl=en&oi=sra,15
TT Hills,https://scholar.google.com/citations?user=PXgw3lUAAAAJ&hl=en&oi=sra,18
P Schwaller,https://scholar.google.com/citations?user=Tz0I4ywAAAAJ&hl=en&oi=sra,15
KD Ashley,https://scholar.google.com/citations?user=ouEDJ0EAAAAJ&hl=en&oi=sra,14
R Lopes,https://scholar.google.com/citations?user=HVe5TKQAAAAJ&hl=en&oi=sra,6
C Bogart,https://scholar.google.com/citations?user=FQSWa4sAAAAJ&hl=en&oi=sra,5
K Shin,https://scholar.google.com/citations?user=lOT7YpQAAAAJ&hl=en&oi=sra,2
J Dempere,https://scholar.google.com/citations?user=6lKCN44AAAAJ&hl=en&oi=sra,8
J Hämäläinen,https://scholar.google.com/citations?user=ci9pfSAAAAAJ&hl=en&oi=sra,7
JR Williams,https://scholar.google.com/citations?user=Xtj0EBAAAAAJ&hl=en&oi=sra,13
R Stepanov,https://scholar.google.com/citations?user=Vm6KgDIAAAAJ&hl=en&oi=sra,12
MS Chowdhury,https://scholar.google.com/citations?user=OP3AOFUAAAAJ&hl=en&oi=sra,5
Z Wang,https://scholar.google.com/citations?user=cw3EaAYAAAAJ&hl=en&oi=sra,11
A Saleh,https://scholar.google.com/citations?user=svtERBEAAAAJ&hl=en&oi=sra,6
D Presil,https://scholar.google.com/citations?user=P_L_ugQAAAAJ&hl=en&oi=sra,8
L Meng,https://scholar.google.com/citations?user=pUl9H8gAAAAJ&hl=en&oi=sra,7
X Zhai,https://scholar.google.com/citations?user=pLk6BrEAAAAJ&hl=en&oi=sra,9
G Beguš,https://scholar.google.com/citations?user=r7gAWagAAAAJ&hl=en&oi=sra,17
M Fishel,https://scholar.google.com/citations?user=K6jhzXcAAAAJ&hl=en&oi=sra,9
H Hadjistavropoulos,https://scholar.google.com/citations?user=QcK8uaEAAAAJ&hl=en&oi=sra,3
X Guan,https://scholar.google.com/citations?user=8JUq-HcAAAAJ&hl=en&oi=sra,7
M Islam,https://scholar.google.com/citations?user=QUwym50AAAAJ&hl=en&oi=sra,15
C McMillan,https://scholar.google.com/citations?user=xaoz3-gAAAAJ&hl=en&oi=sra,5
J Han,https://scholar.google.com/citations?user=5L0Uj_IAAAAJ&hl=en&oi=sra,10
S Thiébaux,https://scholar.google.com/citations?user=UliUD0gAAAAJ&hl=en&oi=sra,8
S Vahidian,https://scholar.google.com/citations?user=8Jd1aUEAAAAJ&hl=en&oi=sra,13
JYM Tung,https://scholar.google.com/citations?user=JD0rG3gAAAAJ&hl=en&oi=sra,3
BS Glicksberg,https://scholar.google.com/citations?user=BIHeNNUAAAAJ&hl=en&oi=sra,6
S Maheshwari,https://scholar.google.com/citations?user=mRySV7sAAAAJ&hl=en&oi=sra,13
EP Księżniak,https://scholar.google.com/citations?user=r5eBXsIAAAAJ&hl=en&oi=sra,9
Y Kwon,https://scholar.google.com/citations?user=hff-KJUAAAAJ&hl=en&oi=sra,4
Y Coppel,https://scholar.google.com/citations?user=tAmnWicAAAAJ&hl=en&oi=sra,14
X Zhang,https://scholar.google.com/citations?user=AljYevIAAAAJ&hl=en&oi=sra,19
H Yu,https://scholar.google.com/citations?user=Q3zBoe0AAAAJ&hl=en&oi=sra,14
L Bing,https://scholar.google.com/citations?user=_oYzrzAAAAAJ&hl=en&oi=sra,3
R Rajalakshmi,https://scholar.google.com/citations?user=iR-crJYAAAAJ&hl=en&oi=sra,6
E Zemour,https://scholar.google.com/citations?user=GwEFJv8AAAAJ&hl=en&oi=sra,3
S Koohy,https://scholar.google.com/citations?user=7OIp0rwAAAAJ&hl=en&oi=sra,14
Z Nussbaum,https://scholar.google.com/citations?user=ppBiQhMAAAAJ&hl=en&oi=sra,10
J Wang,https://scholar.google.com/citations?user=vJWEw_8AAAAJ&hl=en&oi=sra,8
S Li,https://scholar.google.com/citations?user=lyhV_fgAAAAJ&hl=en&oi=sra,6
Z Ji,https://scholar.google.com/citations?user=Uih8yHsAAAAJ&hl=en&oi=sra,9
S Decker,https://scholar.google.com/citations?user=uhVkSswAAAAJ&hl=en&oi=sra,16
ME Zapadka,https://scholar.google.com/citations?user=_lV12i0AAAAJ&hl=en&oi=sra,3
K Bressem,https://scholar.google.com/citations?user=wIEgwbkAAAAJ&hl=en&oi=sra,5
X Zhu,https://scholar.google.com/citations?user=a6MYnuUAAAAJ&hl=en&oi=sra,18
PR Roy,https://scholar.google.com/citations?user=Vy_sw5UAAAAJ&hl=en&oi=sra,2
D Fu,https://scholar.google.com/citations?user=vIU6eHYAAAAJ&hl=en&oi=sra,16
PK Adhikary,https://scholar.google.com/citations?user=zjaqexkAAAAJ&hl=en&oi=sra,12
A Belz,https://scholar.google.com/citations?user=trwwiW4AAAAJ&hl=en&oi=sra,5
P Schmidtová,https://scholar.google.com/citations?user=XApspCQAAAAJ&hl=en&oi=sra,8
M Antoniak,https://scholar.google.com/citations?user=lNaynLcAAAAJ&hl=en&oi=sra,11
P Hang,https://scholar.google.com/citations?user=8n39J5EAAAAJ&hl=en&oi=sra,14
F Scalzo,https://scholar.google.com/citations?user=9Z1pfWMAAAAJ&hl=en&oi=sra,7
EH Ettifouri,https://scholar.google.com/citations?user=lc-FmG4AAAAJ&hl=en&oi=sra,16
Z Du,https://scholar.google.com/citations?user=A8x07E0AAAAJ&hl=en&oi=sra,5
KW Chang,https://scholar.google.com/citations?user=fqDBtzYAAAAJ&hl=en&oi=sra,15
Y Zhang,https://scholar.google.com/citations?user=WDVMfggAAAAJ&hl=en&oi=sra,9
E Yoon,https://scholar.google.com/citations?user=vL8Z884AAAAJ&hl=en&oi=sra,18
I van Heerden,https://scholar.google.com/citations?user=AvMkdhQAAAAJ&hl=en&oi=sra,15
A Sharaf,https://scholar.google.com/citations?user=It3Gm1EAAAAJ&hl=en&oi=sra,11
Q Anthony,https://scholar.google.com/citations?user=GDm6BIAAAAAJ&hl=en&oi=sra,18
PC Woodland,https://scholar.google.com/citations?user=V_SMuA8AAAAJ&hl=en&oi=sra,10
F Dernoncourt,https://scholar.google.com/citations?user=kz2aIc8AAAAJ&hl=en&oi=sra,19
R Eldan,https://scholar.google.com/citations?user=G8a4FrwAAAAJ&hl=en&oi=sra,18
T Naseem,https://scholar.google.com/citations?user=IoVlb40AAAAJ&hl=en&oi=sra,17
Y He,https://scholar.google.com/citations?user=SB3_eb0AAAAJ&hl=en&oi=sra,18
P He,https://scholar.google.com/citations?user=TS1RoxAAAAAJ&hl=en&oi=sra,15
A Andonian,https://scholar.google.com/citations?user=PN7hXAMAAAAJ&hl=en&oi=sra,8
S Zheng,https://scholar.google.com/citations?user=TgrJOjoAAAAJ&hl=en&oi=sra,3
G Durrett,https://scholar.google.com/citations?user=EpQ_sDEAAAAJ&hl=en&oi=sra,17
Z Guo,https://scholar.google.com/citations?user=a6ZGNTEAAAAJ&hl=en&oi=sra,19
Y Xu,https://scholar.google.com/citations?user=sYza2XwAAAAJ&hl=en&oi=sra,13
C Lin,https://scholar.google.com/citations?user=hzGqxY4AAAAJ&hl=en&oi=sra,14
I Sucholutsky,https://scholar.google.com/citations?user=6MfHyuMAAAAJ&hl=en&oi=sra,12
L Qu,https://scholar.google.com/citations?user=1W2Tio4AAAAJ&hl=en&oi=sra,14
L Zhang,https://scholar.google.com/citations?user=XNbe_O4AAAAJ&hl=en&oi=sra,11
KE Kim,https://scholar.google.com/citations?user=uGk7CJ0AAAAJ&hl=en&oi=sra,18
S Zhang,https://scholar.google.com/citations?user=s1NMu_UAAAAJ&hl=en&oi=sra,19
L Liu,https://scholar.google.com/citations?user=bNsRATcAAAAJ&hl=en&oi=sra,5
J Patrinely,https://scholar.google.com/citations?user=HBcLdvkAAAAJ&hl=en&oi=sra,7
C Washington,https://scholar.google.com/citations?user=lRd-79wAAAAJ&hl=en&oi=sra,14
F Busch,https://scholar.google.com/citations?user=PYa-GvAAAAAJ&hl=en&oi=sra,14
SL Linwood,https://scholar.google.com/citations?user=PbT7zOQAAAAJ&hl=en&oi=sra,4
S Bernstein,https://scholar.google.com/citations?user=mpn42u8AAAAJ&hl=en&oi=sra,12
Y Hao,https://scholar.google.com/citations?user=cqOLO7IAAAAJ&hl=en&oi=sra,12
A Soroush,https://scholar.google.com/citations?user=nef0z7IAAAAJ&hl=en&oi=sra,5
Z Teng,https://scholar.google.com/citations?user=9wOJrf8AAAAJ&hl=en&oi=sra,4
P Clark,https://scholar.google.com/citations?user=o-5vyEsAAAAJ&hl=en&oi=sra,4
Q Liu,https://scholar.google.com/citations?user=2HhiGzcAAAAJ&hl=en&oi=sra,9
Z Lu,https://scholar.google.com/citations?user=ewuGUCwAAAAJ&hl=en&oi=sra,14
ID Connolly,https://scholar.google.com/citations?user=Iy7fWLkAAAAJ&hl=en&oi=sra,11
Y Zhao,https://scholar.google.com/citations?user=5DkJlH8AAAAJ&hl=en&oi=sra,9
X Li,https://scholar.google.com/citations?user=QMuveu8AAAAJ&hl=en&oi=sra,6
A Conmy,https://scholar.google.com/citations?user=n4HIyXQAAAAJ&hl=en&oi=sra,10
S You,https://scholar.google.com/citations?user=rFe-3twAAAAJ&hl=en&oi=sra,14
F Guerin,https://scholar.google.com/citations?user=OK8EYAoAAAAJ&hl=en&oi=sra,16
Z Li,https://scholar.google.com/citations?user=X3uWrikAAAAJ&hl=en&oi=sra,6
Y Wang,https://scholar.google.com/citations?user=v-AEFIEAAAAJ&hl=en&oi=sra,3
X Huang,https://scholar.google.com/citations?user=MNKU_WcAAAAJ&hl=en&oi=sra,16
M Samwald,https://scholar.google.com/citations?user=Q-1yY0cAAAAJ&hl=en&oi=sra,15
Z Lin,https://scholar.google.com/citations?user=wLnovngAAAAJ&hl=en&oi=sra,6
A Del Bimbo,https://scholar.google.com/citations?user=bf2ZrFcAAAAJ&hl=en&oi=sra,12
L Lombardi,https://scholar.google.com/citations?user=IEHftCIAAAAJ&hl=en&oi=sra,15
R Laycock,https://scholar.google.com/citations?user=Yv93p0MAAAAJ&hl=en&oi=sra,5
C Borgs,https://scholar.google.com/citations?user=B847xq8AAAAJ&hl=en&oi=sra,7
N Bier,https://scholar.google.com/citations?user=whItexkAAAAJ&hl=en&oi=sra,19
A Fratini,https://scholar.google.com/citations?user=COhwKngAAAAJ&hl=en&oi=sra,17
CC Lin,https://scholar.google.com/citations?user=legkbM0AAAAJ&hl=en&oi=sra,4
Y Mao,https://scholar.google.com/citations?user=GLSExiMAAAAJ&hl=en&oi=sra,18
JT Huang,https://scholar.google.com/citations?user=XBzDTAQAAAAJ&hl=en&oi=sra,15
Z Shamsi,https://scholar.google.com/citations?user=TeY8GMoAAAAJ&hl=en&oi=sra,12
S Huang,https://scholar.google.com/citations?user=o31BPFsAAAAJ&hl=en&oi=sra,7
TM Boland,https://scholar.google.com/citations?user=F2P41CsAAAAJ&hl=en&oi=sra,2
X Yang,https://scholar.google.com/citations?user=Fvq2R14AAAAJ&hl=en&oi=sra,5
SA Kamran,https://scholar.google.com/citations?user=DW0hlZsAAAAJ&hl=en&oi=sra,3
B Byrne,https://scholar.google.com/citations?user=BVUcMU4AAAAJ&hl=en&oi=sra,11
A Rashid,https://scholar.google.com/citations?user=YPbaQkQAAAAJ&hl=en&oi=sra,7
X Zhang,https://scholar.google.com/citations?user=Zno4WggAAAAJ&hl=en&oi=sra,17
JR King,https://scholar.google.com/citations?user=XZOgIwEAAAAJ&hl=en&oi=sra,13
Z Mao,https://scholar.google.com/citations?user=gIzJ2sQAAAAJ&hl=en&oi=sra,6
B Ludwig,https://scholar.google.com/citations?user=OvOGKVAAAAAJ&hl=en&oi=sra,17
C Cundy,https://scholar.google.com/citations?user=TWAn5XoAAAAJ&hl=en&oi=sra,17
Y Yamada,https://scholar.google.com/citations?user=0ktnXXMAAAAJ&hl=en&oi=sra,13
R Lotufo,https://scholar.google.com/citations?user=IQt4hvoAAAAJ&hl=en&oi=sra,7
SH Bach,https://scholar.google.com/citations?user=hs6pGXoAAAAJ&hl=en&oi=sra,9
C Hong,https://scholar.google.com/citations?user=IbqU0JIAAAAJ&hl=en&oi=sra,11
D Yu,https://scholar.google.com/citations?user=oW2lr0kAAAAJ&hl=en&oi=sra,17
F Li,https://scholar.google.com/citations?user=ybRe9GcAAAAJ&hl=en&oi=sra,19
JC Yam,https://scholar.google.com/citations?user=wWzx_k0AAAAJ&hl=en&oi=sra,19
J Burstein,https://scholar.google.com/citations?user=bDKurOUAAAAJ&hl=en&oi=sra,15
A Zahergivar,https://scholar.google.com/citations?user=HpvdLD4AAAAJ&hl=en&oi=sra,12
P Vashisht,https://scholar.google.com/citations?user=lgZNSkgAAAAJ&hl=en&oi=sra,12
D Nandha,https://scholar.google.com/citations?user=_e0H23UAAAAJ&hl=en&oi=sra,9
T Poibeau,https://scholar.google.com/citations?user=7ejOImcAAAAJ&hl=en&oi=sra,17
C Xi,https://scholar.google.com/citations?user=AAGUBuIAAAAJ&hl=en&oi=sra,10
D Lee,https://scholar.google.com/citations?user=MzL-WnEAAAAJ&hl=en&oi=sra,18
W Wang,https://scholar.google.com/citations?user=UC2_V1MAAAAJ&hl=en&oi=sra,13
L Wu,https://scholar.google.com/citations?user=PCDSl2sAAAAJ&hl=en&oi=sra,2
S DiPaola,https://scholar.google.com/citations?user=6anCcgwAAAAJ&hl=en&oi=sra,5
S Chang,https://scholar.google.com/citations?user=0-tF1dwAAAAJ&hl=en&oi=sra,6
N Engelmann,https://scholar.google.com/citations?user=Zgbe0iEAAAAJ&hl=en&oi=sra,13
IJ Marshall,https://scholar.google.com/citations?user=4kdySIYAAAAJ&hl=en&oi=sra,13
H Wang,https://scholar.google.com/citations?user=Qskj_scAAAAJ&hl=en&oi=sra,6
J Holmes,https://scholar.google.com/citations?user=zTTUHy0AAAAJ&hl=en&oi=sra,12
L Cagnazzo,https://scholar.google.com/citations?user=6ZPu3PIAAAAJ&hl=en&oi=sra,19
S Krishna,https://scholar.google.com/citations?user=t6Q_vzUAAAAJ&hl=en&oi=sra,7
N Xu,https://scholar.google.com/citations?user=P4NJox8AAAAJ&hl=en&oi=sra,2
YL Huang,https://scholar.google.com/citations?user=7pDl1GsAAAAJ&hl=en&oi=sra,4
X Zhao,https://scholar.google.com/citations?user=o-p7pp4AAAAJ&hl=en&oi=sra,4
J Burapacheep,https://scholar.google.com/citations?user=WRZ91QEAAAAJ&hl=en&oi=sra,12
P Yoo,https://scholar.google.com/citations?user=gzkMK-MAAAAJ&hl=en&oi=sra,16
QV Liao,https://scholar.google.com/citations?user=bbe_MZEAAAAJ&hl=en&oi=sra,9
A Swaminathan,https://scholar.google.com/citations?user=eUpifKMAAAAJ&hl=en&oi=sra,19
Q Lv,https://scholar.google.com/citations?user=tJNCPogAAAAJ&hl=en&oi=sra,18
B Hu,https://scholar.google.com/citations?user=5NiJ1VoAAAAJ&hl=en&oi=sra,7
M Efendi,https://scholar.google.com/citations?user=I_Fmn-QAAAAJ&hl=en&oi=sra,2
Y He,https://scholar.google.com/citations?user=gQvnTIQAAAAJ&hl=en&oi=sra,12
J Yang,https://scholar.google.com/citations?user=yOXYHRsAAAAJ&hl=en&oi=sra,11
D Zhang,https://scholar.google.com/citations?user=yeLdvGoAAAAJ&hl=en&oi=sra,17
P Zhang,https://scholar.google.com/citations?user=89C_mxcAAAAJ&hl=en&oi=sra,10
S Alam,https://scholar.google.com/citations?user=2Un1c7QAAAAJ&hl=en&oi=sra,17
H Batra,https://scholar.google.com/citations?user=K3_HjboAAAAJ&hl=en&oi=sra,12
C Tang,https://scholar.google.com/citations?user=pEmFAKUAAAAJ&hl=en&oi=sra,13
G Jawahar,https://scholar.google.com/citations?user=X7SMP1EAAAAJ&hl=en&oi=sra,11
SM Fati,https://scholar.google.com/citations?user=0a9ZOWsAAAAJ&hl=en&oi=sra,12
T Rajpurohit,https://scholar.google.com/citations?user=B4NztA8AAAAJ&hl=en&oi=sra,18
M Suzgun,https://scholar.google.com/citations?user=C3aEsC8AAAAJ&hl=en&oi=sra,9
YN Kenett,https://scholar.google.com/citations?user=8ak4tvsAAAAJ&hl=en&oi=sra,3
A Ortega-Guerrero,https://scholar.google.com/citations?user=ZCo9pFUAAAAJ&hl=en&oi=sra,7
MA Gray,https://scholar.google.com/citations?user=50_PZ4MAAAAJ&hl=en&oi=sra,8
M Zhong,https://scholar.google.com/citations?user=mnifqeUAAAAJ&hl=en&oi=sra,15
JC Silva,https://scholar.google.com/citations?user=dXQSjqYAAAAJ&hl=en&oi=sra,7
KM Kim,https://scholar.google.com/citations?user=LPNlQRUAAAAJ&hl=en&oi=sra,8
V Akre,https://scholar.google.com/citations?user=_n6B_5oAAAAJ&hl=en&oi=sra,3
J Wood,https://scholar.google.com/citations?user=ovOOrQsAAAAJ&hl=en&oi=sra,13
KD Glazewski,https://scholar.google.com/citations?user=0uWkLp4AAAAJ&hl=en&oi=sra,6
N Zaman,https://scholar.google.com/citations?user=_Zr9Q_gAAAAJ&hl=en&oi=sra,19
O Katz,https://scholar.google.com/citations?user=K8FwwbIAAAAJ&hl=en&oi=sra,11
Z Weng,https://scholar.google.com/citations?user=qMT0sqAAAAAJ&hl=en&oi=sra,16
G Kannan,https://scholar.google.com/citations?user=v5CMqA4AAAAJ&hl=en&oi=sra,10
W Deng,https://scholar.google.com/citations?user=lReHnAEAAAAJ&hl=en&oi=sra,8
Y Barash,https://scholar.google.com/citations?user=8856kNwAAAAJ&hl=en&oi=sra,5
Y Jo,https://scholar.google.com/citations?user=xp3LGRQAAAAJ&hl=en&oi=sra,19
I Dubey,https://scholar.google.com/citations?user=ZYT25u8AAAAJ&hl=en&oi=sra,9
D Roy,https://scholar.google.com/citations?user=btoec6QAAAAJ&hl=en&oi=sra,17
F Ladhak,https://scholar.google.com/citations?user=uF25ydEAAAAJ&hl=en&oi=sra,18
F Mattins,https://scholar.google.com/citations?user=ME7fqOgAAAAJ&hl=en&oi=sra,9
B Duderstadt,https://scholar.google.com/citations?user=TIapXZQAAAAJ&hl=en&oi=sra,13
Z Wu,https://scholar.google.com/citations?user=rmET9UUAAAAJ&hl=en&oi=sra,13
T Eymann,https://scholar.google.com/citations?user=_3iS3B8AAAAJ&hl=en&oi=sra,15
Z Ma,https://scholar.google.com/citations?user=Rb0AerMAAAAJ&hl=en&oi=sra,8
J Stamper,https://scholar.google.com/citations?user=VFGDcvoAAAAJ&hl=en&oi=sra,13
F Al-omari,https://scholar.google.com/citations?user=h3FZ8vgAAAAJ&hl=en&oi=sra,9
X Wang,https://scholar.google.com/citations?user=96lsfiUAAAAJ&hl=en&oi=sra,9
P Pakray,https://scholar.google.com/citations?user=3pp18IYAAAAJ&hl=en&oi=sra,16
O Dušek,https://scholar.google.com/citations?user=PI7rRV0AAAAJ&hl=en&oi=sra,8
E Ash,https://scholar.google.com/citations?user=o5uDfHMAAAAJ&hl=en&oi=sra,16
J Sun,https://scholar.google.com/citations?user=dXaFOeYAAAAJ&hl=en&oi=sra,8
MSY Alassan,https://scholar.google.com/citations?user=hAkU_4cAAAAJ&hl=en&oi=sra,6
