org_name,org_address
"Professor, Tsinghua University","Haidian District, Beijing, 100087, P. R. China"
Stanford University,450 Jane Stanford Way Stanford
Massachusetts Institute of Technology,"77 Massachusetts Avenue Cambridge, MA 02139, USA"
Tsinghua University,"Haidian District, Beijing, 100085, P. R. China"
"Associate Professor, Computer Science, UCLA",406 Hilgard Avenue
"Partner Research Manager, Microsoft Research","Redmond, Washington 98052-6399"
Duke University,"2301 Erwin Road Durham, NC 27710"
"Tsinghua University, Zhipu AI","Haidian District, Beijing, 100087, P. R. China"
"Universitat Pompeu Fabra, Universidad Simón Bolívar, Caracas, Venezuela","Sartenejas, Caracas, Miranda"
"Associate Professor, UCLA",405 Hilgard Avenue
"Principal Research Associate, University of Cambridge & PolyAI",103 Penang Rd 6323 2702
Università Sapienza di Roma,"Piazzale Aldo Moro, 5"
Research Scientist @ Apple MLR,270 Orchard Rd
清华大学,"Haidian District, Beijing, 100086, P. R. China"
Postdoc at California Institute of Technology & Researcher at Google,California
"Professor of Statistics and Computer Science, University of Waterloo",University of Waterloo
University of Michigan,"500 S State St, Ann Arbor, MI"
Microsoft,"Redmond, Washington 98052-6399"
Massachusetts General Hospital,55 Fruit St
"CS, Tsinghua University","Haidian District, Beijing, 100087, P. R. China"
"Sessional Lecturer at School of Engineering, University of Guelph","Stone Road East Guelph, Ontario, Canada"
"PolyAI, Cambridge University",103 Penang Rd 6323 2701
Luiss University,"Viale di Villa Emiliani, 14 00197 Rome"
Carnegie Mellon University,"5000 Forbes Avenue Pittsburgh, PA 15213"
RWTH Aachen University,52062 Aachen (street address) 52056 Aachen (mailing address)
Yale University - Alma Mater Studiorum University of Bologna,"Via Zamboni, 33, 40126 Bologna BO"
"Professor of Electrical Engineering, KAIST",451 Jane Stanford Way Stanford
