ID,related_ID
7B6NfxTP,SbFt6NMh
uONXR8ng,lYJNmMkB
nVfEXQ7d,xFnisaeC
pvcseJG9,HQdAzpkE
25qO4x3m,Ok0HxK9r
2dTXnOmC,KBmtjlZe
vVJWhmzX,2eKapxhf
Ere6zYk3,GBSw1U9R
PObygtBN,Z4jbEzKg
ZN1OMSPX,0cSOkpLz
foUzmiv9,PidWAKTM
Z4jbEzKg,PidWAKTM
MPbxYDZn,Ok0HxK9r
NcFw1K2z,T2DV6SrX
gdh2wQOM,8xyanzfV
QIAMWtEg,KBfoPqjD
qncsEbZv,6IYhtrnO
UjzKyW6v,YtPGMuUr
kAmv4K3h,SJGwdjqW
osb8zQJV,FqcDVSth
zut4rqeX,xuq71kQv
M4bQPpeJ,Pz6WNnGA
xv1oJayA,oHK1yMtn
VbpvHDoK,zrQSgqUw
JxE3SMKD,tX7L0TjW
XqLTv6Gi,u9nq2vWy
cuhI4eJz,8xyanzfV
Pz6WNnGA,b4Kj7vwS
VWYK7wE8,56JNuyCY
PidWAKTM,hHnGz3v1
IEJM70O6,2MhZtOPL
j8fmnXWc,Ro7OWxJg
T2DV6SrX,bdKB5qSG
e9NHaX1G,1ip8ekQX
KBfoPqjD,wc3CNWAY
I4bWHQD3,05FnfMD2
LZsu3fSp,BbvrfXSa
oGn6fCxE,dzDMWU51
JzRPoBFO,acEtFRK0
tHDCeoMv,IEJM70O6
Ok0HxK9r,HGduQ2Br
gWjmb8FE,uqaRAf4X
XheE7xwM,JSPknAmh
YJOgAFjT,1vJkN8bW
UCk2B1Oi,jvoHkda8
L4NTkOCp,83CjubSL
r24jEWSu,7B6NfxTP
kfjQC4Gx,BbvrfXSa
5UlLenMd,tZmHNKhF
n6U5czdq,Ok0HxK9r
S7zyNrUR,N5BFjM2C
U1XOsTwu,gdh2wQOM
C9O4q7nK,pexsAIEb
n8B1leNW,v2m3OKX6
CepQiXMK,M4bQPpeJ
nEATco9q,JzRPoBFO
3rXoxPYU,bdKB5qSG
LgzGRMI9,GObluUni
b52ftRnv,u0Sh6BU1
YozEm27B,2463IFHW
twOrHKY4,PNAH0TtK
hHnGz3v1,RLkMUv8E
oHK1yMtn,jihNW5J3
S7UF8c5Q,l8iWvxOy
zqecIvyr,e83l2bKq
NUe9zMLO,iMBzZ7xF
GBSw1U9R,piKVwA3g
MpNXrYRc,YozEm27B
YJ5v6ME7,UujqH6aM
rNamt9AM,eTh0tqnl
weLhRDbo,C9O4q7nK
r8MEAan3,qncsEbZv
Bv80hQrc,D5OYIzuS
5kAD6Nfq,SyJlLGWw
3Vh4LTl6,w7M15vJo
8ABqn4lm,wkFxM5Sc
bctUZGhy,jahTvmyr
va2CLe7t,pvcseJG9
QlqvcLIk,BRHZ7W8I
njgl2TVu,WAkfoL3g
mqDMrFSg,dsA83Euv
sJWrBOM7,S7UF8c5Q
xYGMFug4,ouTvSOV8
32nM4tTW,4NpKiuQU
N5BFjM2C,7jnPYFXr
Kqd0mVCH,u9nq2vWy
EMod7PA9,uqaRAf4X
0CuGlKbq,xYGMFug4
BbvrfXSa,PidWAKTM
0RbFog7c,r1AOhByb
XhVGCrQu,rNamt9AM
tHs4TQI5,xob5zwLN
0l9EJ5Bi,r7W3Bbs0
1jGL4JfM,1ip8ekQX
2eKapxhf,56JNuyCY
Z7jRQsFa,oVcxh20J
nljSH8zN,gjDwXfUJ
YySMrPgp,nGpO6Tbs
N68xOKQE,eTh0tqnl
ypw6ovrO,wkFxM5Sc
nGpO6Tbs,gdh2wQOM
qQe9u3UJ,LZsu3fSp
2mt0sORF,AFKaxODu
etsU70xf,1cX6DHyo
sw4GAndv,xv1oJayA
435aztLk,u0Sh6BU1
Eu1D6LsF,32nM4tTW
5r2qNAuX,c6Nmwobe
C3tckVja,CFI7s3aq
BjfP98Ww,2MhZtOPL
xuq71kQv,h1zuQcTX
hdRuJ0lP,GObluUni
kpOBXvKw,I6Aum3Kg
wkFxM5Sc,2YuAaOIs
yGWb0YRD,nEATco9q
wLbVIWBO,QIAMWtEg
upF0qAIU,435aztLk
Slf5Fqy3,YhJXvBuo
3fzqweYI,zC6DZq91
l3LrFM2o,AufMEvXi
LvgofQz9,Ere6zYk3
mPqjBcQ3,n6U5czdq
PathOKxB,0l9EJ5Bi
83CjubSL,SactOJkq
KBmtjlZe,2K58aXLk
Zulqz2NV,ot5q7hv3
0463uLwy,gdh2wQOM
2YuAaOIs,iTfjJPxg
dPfBkulW,O1AjlDtG
SactOJkq,3Vh4LTl6
opNFz9WT,L4NTkOCp
WAkfoL3g,Z4jbEzKg
e83l2bKq,VLiarjhC
E4GlKRvD,xFnisaeC
Ny128iLF,37zHGEST
sSUAuk8E,FyUhKLbw
acEtFRK0,xv1oJayA
oSQyEIuj,H8kzhiy2
aw1G8Je6,kpOBXvKw
ukwfemoc,MpNXrYRc
O4fX0kTr,0RbFog7c
XmoaOJeb,etsU70xf
HS3rGoKP,EO1SiZFQ
NV8vIfHW,xrHXd0lC
wfbmWiP5,iTfjJPxg
kiPO6BxE,xPXDWheO
rQM6wogT,JGmzDCkE
eb9lZj3V,atujKDWT
5socpHlL,UujqH6aM
eW05XYQA,7pubfoa6
RLkMUv8E,pvcseJG9
2MhZtOPL,LrtuwPn6
gfMawcuq,zqecIvyr
g9Tw7qdj,EG0nOhg3
D5OYIzuS,nO9vT5eN
sitwbE4d,wSRvJzyx
jihNW5J3,wc3CNWAY
78aAIxqO,X5iVb1hg
GIOdJY5x,ygbsmO8I
VLiarjhC,RLkMUv8E
dzDMWU51,YJ5v6ME7
PeWurFEG,AFKaxODu
oHR84lqA,YJOgAFjT
4NpKiuQU,37zHGEST
v2m3OKX6,8otghDJx
yLjsmNUf,iEa8OVHN
O1AjlDtG,JgSfTXcO
LzQ425DI,HGduQ2Br
9Grp5TfU,acEtFRK0
3KFidEfn,0RbFog7c
USaRyWNe,padr49uH
LrtuwPn6,ukwfemoc
iEa8OVHN,VWYK7wE8
ERuFyxhW,O4fX0kTr
2463IFHW,qhjrlkEc
w3nTe8yJ,dQHn14M9
9zp2vuDX,sploKRbY
dDEiLl3a,osb8zQJV
HGduQ2Br,0cSOkpLz
JSPknAmh,n6U5czdq
Xqfoy6uN,FRm1V9BJ
jvyQFb04,jahTvmyr
3wu5RZSX,FL2I0jtk
0kIGD6iX,nljSH8zN
q3ytLdrU,DdBVS48Y
tKoq7ula,O6fnMuqa
1cX6DHyo,ZN1OMSPX
Ssd2x6RA,ur04qhzY
h8ukA6JG,350FmPiB
fSV4pwDW,dDlKQ2Y9
ur04qhzY,wvmCUXeg
zrQSgqUw,wkFxM5Sc
sploKRbY,qQe9u3UJ
id0IuNRe,q3ytLdrU
0iMDEKwo,NvLy3ZQP
pdaIH9P1,ur04qhzY
F02pHEJ6,Tpz1IqUL
u9nq2vWy,j8fmnXWc
wSRvJzyx,iMBzZ7xF
lPn2AbiZ,3fzqweYI
0cSOkpLz,nVfEXQ7d
OhmRVGad,4NpKiuQU
ranjiU5u,zqecIvyr
AufMEvXi,E4GlKRvD
VHeAOQwX,qxbevwK7
YUJT1wI8,XhVGCrQu
LxRsiUTm,ur04qhzY
eTh0tqnl,aJ2rCBN1
bgiDFwpL,upF0qAIU
kHAdm3Yc,p2FcfYel
j8cCLa9k,NvLy3ZQP
62SUKIEQ,XGHvVOhx
FL2I0jtk,2463IFHW
7jnPYFXr,nljSH8zN
ZRmWBEae,ypw6ovrO
bHPxogfA,lYJNmMkB
BUIw2Xpa,lYJNmMkB
czvhZN1W,dDEiLl3a
SyJlLGWw,rNamt9AM
xPXDWheO,kxwyEU4W
ZohMsSbI,bctUZGhy
atujKDWT,YUJT1wI8
FLnqjYeX,tMP7lC4m
J29S3QAz,piKVwA3g
t1SerG4n,FyUhKLbw
BeKXmtdh,9Grp5TfU
kq1gajti,dsA83Euv
qiC1huRg,F02pHEJ6
DdBVS48Y,jihNW5J3
NvLy3ZQP,e9NHaX1G
wvmCUXeg,r7W3Bbs0
drXMpIH1,62SUKIEQ
XGHvVOhx,hI4Eb7eC
tX7L0TjW,7WAlh0LT
FqcDVSth,UjzKyW6v
dDlKQ2Y9,kAmv4K3h
fkBasIRn,UujqH6aM
ntPf9YTL,d1lZiTXx
EO1SiZFQ,eb9lZj3V
lYJNmMkB,fkBasIRn
KUDYsrgx,HouDVdf3
37zHGEST,tsw4xaFh
hPRHas0l,w3nTe8yJ
l2SrWK1C,yLjsmNUf
aFmMTyO8,pexsAIEb
hc0kuj91,e83l2bKq
U1aj5sbI,7B6NfxTP
X5iVb1hg,UjzKyW6v
H8kzhiy2,e9NHaX1G
rXa4Zfbz,GBSw1U9R
UQLodcyV,78aAIxqO
padr49uH,dDlKQ2Y9
aJ2rCBN1,zrQSgqUw
wc3CNWAY,37zHGEST
w7M15vJo,05FnfMD2
Cnzx7MOe,fSV4pwDW
09xAsXvw,HfX359cD
DXnt1RwC,LxRsiUTm
k0DfWhST,j7T21Frs
EG0nOhg3,SyJlLGWw
56JNuyCY,zqecIvyr
eNjA56qK,b4Kj7vwS
uqaRAf4X,mqDMrFSg
V6rqvk2g,KUDYsrgx
Dp0KVMgo,uONXR8ng
u58rWP2L,U1aj5sbI
6IYhtrnO,opNFz9WT
qhjrlkEc,VHeAOQwX
0gnzrFXV,aFmMTyO8
k6hpY7WV,gdh2wQOM
hI4Eb7eC,dsA83Euv
n2hgeZBF,yl61b3VM
bdKB5qSG,32nM4tTW
GObluUni,xob5zwLN
0o6BFaDk,hHnGz3v1
dsA83Euv,05FnfMD2
YtPGMuUr,Zulqz2NV
o1Abvjdt,FqcDVSth
x2BPSQM1,kHAdm3Yc
JGmzDCkE,dzDMWU51
waQj8cdW,qhjrlkEc
zC6DZq91,9wrDlqfv
SbFt6NMh,PNAH0TtK
Tpz1IqUL,nVfEXQ7d
d1lZiTXx,czvhZN1W
DJLgliSE,Dp0KVMgo
8xyanzfV,VbR3Hvk1
ouTvSOV8,eNjA56qK
Ro7OWxJg,j9CGAbo7
j7T21Frs,xrHXd0lC
tZmHNKhF,eTh0tqnl
Af2qC4hU,xwPjZprA
B5IWFzyA,ur04qhzY
nO9vT5eN,oVcxh20J
1ip8ekQX,tHs4TQI5
d6VjY3k7,E4GlKRvD
piKVwA3g,rQM6wogT
goc3f4zh,kiPO6BxE
jahTvmyr,9wrDlqfv
xoXjbAU1,62SUKIEQ
4AnzjCBY,Z7jRQsFa
RkvsMcmZ,kxwyEU4W
k7KLVfRs,DXnt1RwC
LyBSrqnF,MPbxYDZn
xrHXd0lC,QlqvcLIk
yl61b3VM,83CjubSL
FmlNhqXf,TjZtQULV
0LweES83,zC6DZq91
05FnfMD2,j7T21Frs
r7W3Bbs0,bdKB5qSG
PNAH0TtK,AufMEvXi
tsw4xaFh,VlpaTn91
u0Sh6BU1,62SUKIEQ
gjDwXfUJ,O6fnMuqa
Mo6fpbEO,62SUKIEQ
oVcxh20J,NcFw1K2z
O8Tan7vC,Ok0HxK9r
5K7VNFXU,HGduQ2Br
350FmPiB,kAmv4K3h
HfX359cD,NcFw1K2z
p2FcfYel,u58rWP2L
l8iWvxOy,weoN2lgm
Af1vXmb0,acEtFRK0
z1mbupUe,RLkMUv8E
kxwyEU4W,JeCaWFcy
VbR3Hvk1,SXburUqm
tVkr6PZL,sJWrBOM7
jYzMUBDH,Ere6zYk3
DgNbkhJ2,mPqjBcQ3
ZEhuBdl1,Z4jbEzKg
dQHn14M9,M4bQPpeJ
rb6oQBHZ,k6hpY7WV
h1zuQcTX,opNFz9WT
CkqF1QLt,GIOdJY5x
4YBUsOSd,DgNbkhJ2
JeCaWFcy,sploKRbY
e4rXzotn,b52ftRnv
ovUbwn86,pvcseJG9
I6Aum3Kg,WNZ53mhs
lYDX1QCM,njgl2TVu
YhJXvBuo,PG0EkW78
c6Nmwobe,XGHvVOhx
TjZtQULV,I6Aum3Kg
PG0EkW78,PNAH0TtK
pexsAIEb,oGn6fCxE
NtlTj70K,gWjmb8FE
Mw8YlW7d,AFKaxODu
9XctdYRB,czvhZN1W
r1AOhByb,VLiarjhC
BRHZ7W8I,3UGeOWBI
jvoHkda8,kq1gajti
b4Kj7vwS,Mo6fpbEO
j1JlX9rh,Kqd0mVCH
WNZ53mhs,LzQ425DI
FRm1V9BJ,hI4Eb7eC
CFI7s3aq,QIAMWtEg
O6fnMuqa,0cSOkpLz
8otghDJx,2dTXnOmC
SXburUqm,oSQyEIuj
jVU5qawO,SyJlLGWw
BNZPwm3F,0463uLwy
SJGwdjqW,Ny128iLF
3UGeOWBI,qncsEbZv
tMP7lC4m,XheE7xwM
iTfjJPxg,VHeAOQwX
7pubfoa6,eb9lZj3V
FyUhKLbw,09xAsXvw
1vJkN8bW,PG0EkW78
9wrDlqfv,54Oa2cut
7WAlh0LT,kiPO6BxE
epSoZa3x,JeCaWFcy
ygbsmO8I,kfjQC4Gx
3jkrdvVD,1jGL4JfM
iMBzZ7xF,SXburUqm
weoN2lgm,QlqvcLIk
qxbevwK7,atujKDWT
7iuyLkxv,e9NHaX1G
JAN9uvOa,aJ2rCBN1
52Md0E3P,iTfjJPxg
HouDVdf3,UQLodcyV
ot5q7hv3,PidWAKTM
UujqH6aM,ukwfemoc
JwsCePyb,O1AjlDtG
eJYBdjiT,l3LrFM2o
UPdeD5ub,1ip8ekQX
FWXe9lKQ,gWjmb8FE
fe7YRLw6,MpNXrYRc
xFnisaeC,5r2qNAuX
VlpaTn91,4NpKiuQU
Yclv1DJi,6IYhtrnO
pRC30Q6Y,e4rXzotn
j9CGAbo7,ZRmWBEae
2K58aXLk,VbpvHDoK
Wov3gVRa,njgl2TVu
yLml03vu,54Oa2cut
HQdAzpkE,w7M15vJo
xwPjZprA,xob5zwLN
54Oa2cut,zC6DZq91
xob5zwLN,j7T21Frs
JgSfTXcO,EO1SiZFQ
AFKaxODu,u9nq2vWy
